datetime,tokyo,saitama,kanagawa,chiba
2010/7/1,0.5,0.5,0,0
2010/7/2,0,0,0,0
2010/7/3,1,1,3,0
2010/7/4,11,7,6.5,1.5
2010/7/5,3,31,0,1
2010/7/6,0.5,1,0,0
2010/7/7,6,4,14.5,14
2010/7/8,0,0,0,0
2010/7/9,24,8.5,21,7
2010/7/10,0,0,0,0
2010/7/11,5,0.5,0.5,1
2010/7/12,2.5,0.5,0,0
2010/7/13,2.5,1,21.5,6.5
2010/7/14,1.5,1.5,0,1.5
2010/7/15,0,0,0,0
2010/7/16,0,0,0,0
2010/7/17,0,0,0,0
2010/7/18,0,0,0,0
2010/7/19,0,0,0,0
2010/7/20,0,0,0,0
2010/7/21,0,0,0,0
2010/7/22,0,5,0,0
2010/7/23,1,2,2,5
2010/7/24,0,1,0,0
2010/7/25,0,2,0,0
2010/7/26,0.5,2.5,0,0
2010/7/27,0,0,0,0
2010/7/28,0,0,0,0
2010/7/29,6.5,2,27,12
2010/7/30,4.5,5.5,14,6
2010/7/31,0,0,0,0
2010/8/1,0,0,0,0
2010/8/2,0,0,0.5,0
2010/8/3,0,0,0,0
2010/8/4,0,0,0,0
2010/8/5,0,0,0,0
2010/8/6,0,0,0,0
2010/8/7,0,0,0,0
2010/8/8,0,0,5,0
2010/8/9,24.5,24.5,49.5,6.5
2010/8/10,2,0.5,0,1.5
2010/8/11,0,0,0,0
2010/8/12,0.5,1,1.5,1.5
2010/8/13,0,0,0,0.5
2010/8/14,0,0,0,0
2010/8/15,0,0,0,0
2010/8/16,0,0,0,0
2010/8/17,0,0,0,0
2010/8/18,0,0,0,0
2010/8/19,0,0,0,0
2010/8/20,0,0,0,0
2010/8/21,0,0,0,0
2010/8/22,0,0,0,0
2010/8/23,0,0,0,0
2010/8/24,0,0,0,0
2010/8/25,0,0,0,0
2010/8/26,0,0,0,0
2010/8/27,0,0,0,0
2010/8/28,0,0,0,0
2010/8/29,0,0,0,0
2010/8/30,0,0,0,0
2010/8/31,0,0,0,0
2010/9/1,0,0,0,0
2010/9/2,0,0,0,0
2010/9/3,0,0,0,0
2010/9/4,0,0,0,0
2010/9/5,0,0,0,0
2010/9/6,0,0,0,0
2010/9/7,0,0,0,0
2010/9/8,102,19.5,81,164
2010/9/9,1,0,0,3.5
2010/9/10,0,0,0,0
2010/9/11,0,0,0,0
2010/9/12,0,0,0,0
2010/9/13,1,20.5,0,39.5
2010/9/14,3,5,17.5,0
2010/9/15,1.5,0,5,0
2010/9/16,98,70,53,73
2010/9/17,0,0,0,0
2010/9/18,0,0,0,0
2010/9/19,0,0,0,0
2010/9/20,0.5,0,0,0
2010/9/21,0,0,0,0
2010/9/22,0,0,0,0
2010/9/23,59.5,45,29.5,28
2010/9/24,4.5,0.5,7.5,7
2010/9/25,17.5,2.5,16.5,25
2010/9/26,4.5,7,5.5,6.5
2010/9/27,54,49,77,49
2010/9/28,65,44,65.5,76.5
2010/9/29,0,0,0,0
2010/9/30,16,14.5,16,25.5
2010/10/1,0.5,0,0,0
2010/10/2,0,0,0,0
2010/10/3,0,0.5,0,0
2010/10/4,3,1,8,6.5
2010/10/5,0,0,0,0
2010/10/6,0,0,0,0
2010/10/7,0,0,0,0
2010/10/8,0,0,0,0
2010/10/9,30,38,23.5,38
2010/10/10,54,15,34,30.5
2010/10/11,0,0,0,0
2010/10/12,3,0,1,0.5
2010/10/13,2.5,24.5,0,1
2010/10/14,1,2,0.5,4.5
2010/10/15,0,0.5,0,0.5
2010/10/16,1.5,0,0,0
2010/10/17,0,0,0,0
2010/10/18,0,0,0,0
2010/10/19,0,0,0,0
2010/10/20,0,0,2,0
2010/10/21,3,2,4.5,4
2010/10/22,0,0,0.5,0
2010/10/23,0,0,0,0
2010/10/24,16,7.5,18,22.5
2010/10/25,2,4,0.5,2.5
2010/10/26,1.5,0.5,3,3
2010/10/27,0,0,0,0
2010/10/28,33.5,23.5,44,35.5
2010/10/29,0,0,0,0
2010/10/30,58.5,54.5,68,61
2010/10/31,1,4,1,2
2010/11/1,50.5,52.5,46,36
2010/11/2,0,0,0,0
2010/11/3,0,0,0,0
2010/11/4,0,0,0,0
2010/11/5,0,0,0,0
2010/11/6,0,0,0,0
2010/11/7,0,0,0,0
2010/11/8,0,0,0,0
2010/11/9,0,0,0,0
2010/11/10,0,0,0,0
2010/11/11,0,0,0,0
2010/11/12,0,0,0,0
2010/11/13,0,0,0,0
2010/11/14,0,0,0,0
2010/11/15,6.5,2,6.5,9.5
2010/11/16,0,0,0,0
2010/11/17,4,2.5,2.5,5.5
2010/11/18,0.5,2,1,2.5
2010/11/19,0,0,0,0
2010/11/20,0,0,0,0
2010/11/21,0,0,0,0
2010/11/22,3.5,6,6.5,0
2010/11/23,18.5,17.5,20.5,25
2010/11/24,0,0,0,0
2010/11/25,8,2,7,8
2010/11/26,3,0,6,7.5
2010/11/27,0,1,0,0
2010/11/28,0,0,0,0
2010/11/29,0,0,0,0
2010/11/30,0,0,0,0
2010/12/1,0,0,0,0
2010/12/2,0.5,0,0.5,0
2010/12/3,76,62,92,64
2010/12/4,0,0,0,0
2010/12/5,0,0,0,0
2010/12/6,0,0,0,0
2010/12/7,0,0,0,0
2010/12/8,7.5,6,9.5,12
2010/12/9,0,0,0.5,0
2010/12/10,0,0,0.5,0
2010/12/11,0,0,0,0
2010/12/12,0,0,0,0
2010/12/13,9.5,10,8.5,5
2010/12/14,8.5,3.5,7,6
2010/12/15,0,0,0,0
2010/12/16,0,0,0,0
2010/12/17,0,0,0,0
2010/12/18,0,0,0,0
2010/12/19,0,0,0,0
2010/12/20,0,0,0,0
2010/12/21,15,15.5,19,3
2010/12/22,28.5,39,34.5,38.5
2010/12/23,0,0,0,0
2010/12/24,0,0,0,0
2010/12/25,0,0,0,0
2010/12/26,0,0,0,0
2010/12/27,0,0,0,0
2010/12/28,0,0,0,0
2010/12/29,0,0,0,0
2010/12/30,0,0,0,0
2010/12/31,0,0,0,0
2011/1/1,0,0,0,0
2011/1/2,0,0,0,0
2011/1/3,0,0,0,0
2011/1/4,0,0,0,0
2011/1/5,0,0,0,0
2011/1/6,0,0,0,0
2011/1/7,0,0,0,0
2011/1/8,0,0,0,0
2011/1/9,0,0,0,0
2011/1/10,0,0,0,0
2011/1/11,0,0,0,0
2011/1/12,0,0,0,0
2011/1/13,0,0,0,0
2011/1/14,0,0,0,0
2011/1/15,0,0,0,0
2011/1/16,0,0,0,0
2011/1/17,0,0,0,0
2011/1/18,0,0,0,0
2011/1/19,0,0,0,0
2011/1/20,0,0,0,0
2011/1/21,0,0,0,0
2011/1/22,0,0,0,0
2011/1/23,0,0,0,0
2011/1/24,3.5,0,0,2
2011/1/25,0,0,0,0
2011/1/26,0,0,0,0
2011/1/27,0,0,0,0
2011/1/28,0,0,0,0
2011/1/29,0,0,0,0
2011/1/30,0,0,0,0
2011/1/31,0,0,0,0
2011/2/1,0,0,0,0
2011/2/2,0,0,0,0
2011/2/3,0,0,0,0
2011/2/4,0,0,0,0
2011/2/5,0,0,0,0
2011/2/6,0,0,1,6.5
2011/2/7,0,0,0,0
2011/2/8,1,0,0,0
2011/2/9,5.5,2,4.5,5.5
2011/2/10,0,0,0,0
2011/2/11,11,6.5,9.5,10.5
2011/2/12,2.5,1.5,0.5,2.5
2011/2/13,0,0,0,0
2011/2/14,21,16,17.5,19.5
2011/2/15,2.5,1.5,1.5,3.5
2011/2/16,0,0,0,0
2011/2/17,0,0,2,0
2011/2/18,76.5,30,60,65.5
2011/2/19,0,0,0,0
2011/2/20,1,0,1,4
2011/2/21,0,0,0,0.5
2011/2/22,0,0,0,0
2011/2/23,0,0,0,0
2011/2/24,0,0,0,0
2011/2/25,0,0,0,0
2011/2/26,0,0,0,0
2011/2/27,0,0,0,0
2011/2/28,30,25,41,34
2011/3/1,10.5,7,9,10
2011/3/2,0,0,0,2
2011/3/3,0,0,0,0
2011/3/4,0,0,0,0
2011/3/5,0,0,0,0
2011/3/6,0,0,0,0
2011/3/7,28,21.5,26,26.5
2011/3/8,0.5,0.5,0.5,0
2011/3/9,0,0,0,0
2011/3/10,0,0,0,0
2011/3/11,0,0,0,0
2011/3/12,0,0,0,0
2011/3/13,0,0,0,0
2011/3/14,0,0,0,0
2011/3/15,0,0,0,0
2011/3/16,0,0,0,0
2011/3/17,0,0,0,0
2011/3/18,0,0,0,0
2011/3/19,0,0,0,0
2011/3/20,0,0,0,0
2011/3/21,20,19.5,32.5,22
2011/3/22,13.5,12.5,13.5,14.5
2011/3/23,1.5,5.5,4,1
2011/3/24,0,0,0,0
2011/3/25,0,0,1,1
2011/3/26,0,0,0,0
2011/3/27,0,0,0,0
2011/3/28,0,0,0,0
2011/3/29,0,0,0,0
2011/3/30,0,1,0,0
2011/3/31,0,0,0,0
2011/4/1,0,0,0,0
2011/4/2,0,0,0,0
2011/4/3,0,0,0,0
2011/4/4,0,0,0,0
2011/4/5,0,0,0,0
2011/4/6,0,0,0,0
2011/4/7,0,0,0,0
2011/4/8,0,0,0,0
2011/4/9,0.5,0,1.5,0
2011/4/10,0,0,0,0
2011/4/11,12,6.5,0,5.5
2011/4/12,0.5,0,0,0.5
2011/4/13,0,0,0,0
2011/4/14,0,0,0,0
2011/4/15,0,0,0,0
2011/4/16,0,0,0,0
2011/4/17,0,0,0,0
2011/4/18,0,0,0,0
2011/4/19,23,25.5,18,21
2011/4/20,0,0,0,0
2011/4/21,0,0,0,0
2011/4/22,0,0,0,0
2011/4/23,54,11.5,52.5,22.5
2011/4/24,0,0.5,0,0.5
2011/4/25,0,0.5,0,0
2011/4/26,0,0,0,0
2011/4/27,2,0,1,1.5
2011/4/28,4,0,4,1.5
2011/4/29,0,0,0,0
2011/4/30,0,0,0,0
2011/5/1,2,4,2,2.5
2011/5/2,0,0,0,0
2011/5/3,6,4,0.5,15.5
2011/5/4,0,0,0,0
2011/5/5,0,0,0,0
2011/5/6,0,0,0,0
2011/5/7,1,1.5,5,1.5
2011/5/8,0,0,0,0
2011/5/9,0,0,0,0
2011/5/10,1,1.5,17.5,5
2011/5/11,35,41,60,41.5
2011/5/12,15.5,11.5,20.5,18.5
2011/5/13,0,26.5,0,0.5
2011/5/14,0,0,0,0
2011/5/15,0,0,0,0
2011/5/16,0,0,0,0
2011/5/17,3.5,0,1,16
2011/5/18,0,0,0,0
2011/5/19,0,0,0,0
2011/5/20,0,0,0,0
2011/5/21,0,0,0,0
2011/5/22,13.5,28.5,10.5,12
2011/5/23,7,4.5,3,4.5
2011/5/24,20.5,22.5,23,18.5
2011/5/25,0,0,0,0
2011/5/26,0,2,0,0
2011/5/27,1,3.5,2.5,1
2011/5/28,24,22.5,32,20.5
2011/5/29,69.5,88.5,69,58
2011/5/30,14,25.5,5,11
2011/5/31,0,0,0,0
2011/6/1,0,0,0,0
2011/6/2,10,11.5,16.5,13.5
2011/6/3,0,0,0,0
2011/6/4,0,0,0,0
2011/6/5,5.5,31,1.5,0.5
2011/6/6,0,0,0,0.5
2011/6/7,0,0,0,0
2011/6/8,3,0,3.5,0.5
2011/6/9,0,0,0,0
2011/6/10,0,0,0,0
2011/6/11,35.5,16.5,81.5,43.5
2011/6/12,0,0,0,0
2011/6/13,29.5,20,39.5,42.5
2011/6/14,0,0,0,0.5
2011/6/15,0,0,0,0
2011/6/16,3.5,8.5,6,10
2011/6/17,21.5,13.5,19,16
2011/6/18,4.5,2,5,4.5
2011/6/19,0,0,0,0
2011/6/20,0,0,0.5,0
2011/6/21,1,2,1.5,1
2011/6/22,0,0,0,0
2011/6/23,0,0,0,0
2011/6/24,0,0,0,0
2011/6/25,0,5.5,0,0
2011/6/26,0,0,0.5,0
2011/6/27,1.5,0,1,1.5
2011/6/28,0,1,0,0
2011/6/29,0,0,0,0
2011/6/30,1,1.5,23,2.5
2011/7/1,0,0,0,1.5
2011/7/2,0,0,0,0
2011/7/3,0,0,0,0
2011/7/4,0,0,0,0
2011/7/5,5.5,3.5,0.5,1
2011/7/6,0,0,0,0
2011/7/7,0,1,0.5,0.5
2011/7/8,0,2,0,0
2011/7/9,0,0,0,0
2011/7/10,0,0,0,0
2011/7/11,0,0,0,0
2011/7/12,0,0,0,0
2011/7/13,0,0,0,0
2011/7/14,0,0,0,0
2011/7/15,0,0,0,0
2011/7/16,0,0,0,0
2011/7/17,0,0,0,0
2011/7/18,0,0,0,0
2011/7/19,3.5,60.5,8.5,28.5
2011/7/20,6,8,10,4.5
2011/7/21,3,0,8,0
2011/7/22,0,0,0,0
2011/7/23,0,0,0,0
2011/7/24,0,0,0,0
2011/7/25,0,0,0,0
2011/7/26,0,0,0,0
2011/7/27,0,0,0,0
2011/7/28,2.5,2.5,6,6
2011/7/29,5,8,2,3.5
2011/7/30,29,6.5,35,4.5
2011/7/31,0,1,0.5,0.5
2011/8/1,0,0,0,0
2011/8/2,0,0,0,0
2011/8/3,15.5,11.5,0,6.5
2011/8/4,4.5,4,0,4.5
2011/8/5,4.5,9,1,3
2011/8/6,0,8.5,0,0
2011/8/7,20,0,0,3.5
2011/8/8,0,0,0,0
2011/8/9,0,0,0,0
2011/8/10,0,0,0,0
2011/8/11,0,0,0,0
2011/8/12,0,0.5,0,0
2011/8/13,0,0,0,0
2011/8/14,0,0,0,0
2011/8/15,0,0,0,0
2011/8/16,0,0,0,0
2011/8/17,0,0,0,0
2011/8/18,0,0,0,0
2011/8/19,57,122.5,77,21
2011/8/20,0,0,2.5,0
2011/8/21,11,10.5,16.5,9.5
2011/8/22,26,27,26,23.5
2011/8/23,0,0.5,0.5,0
2011/8/24,0,1,2,0.5
2011/8/25,2.5,13,3.5,0.5
2011/8/26,88.5,7.5,22,22.5
2011/8/27,0.5,3,2,1
2011/8/28,0,0,0,0
2011/8/29,0,0,0,0
2011/8/30,4.5,4,9,10.5
2011/8/31,9.5,7,3,10
2011/9/1,2,7,7.5,2
2011/9/2,27,36,4,33.5
2011/9/3,19,1.5,0,4
2011/9/4,2,7,0,0
2011/9/5,15,17,21,2.5
2011/9/6,14.5,3,4,6
2011/9/7,0,0,0,0
2011/9/8,0,0,0,0
2011/9/9,0,0,0,0
2011/9/10,0,0,0,0
2011/9/11,0,0,0,23
2011/9/12,0,0,0,0
2011/9/13,0,0,0,0
2011/9/14,0,0,0,0
2011/9/15,0,0,0,0
2011/9/16,5,0,5.5,0
2011/9/17,0,4.5,0.5,0.5
2011/9/18,0,0,0,0
2011/9/19,0.5,0,1.5,0
2011/9/20,21,17,23,11.5
2011/9/21,124,149,139,97
2011/9/22,5,2.5,1.5,0.5
2011/9/23,0,0,0,0
2011/9/24,0,0,0,0
2011/9/25,0,0,0,0
2011/9/26,0,0,5,1.5
2011/9/27,0,0,0,0
2011/9/28,0,0,0,0
2011/9/29,0,0,0,0
2011/9/30,0,0,0,0
2011/10/1,0,0,0,0
2011/10/2,0,0,0,0
2011/10/3,0,0,0,0
2011/10/4,0,0,0,0
2011/10/5,53.5,54,51,73
2011/10/6,3,4,2.5,3.5
2011/10/7,1.5,0,0,0.5
2011/10/8,0,0,0,0
2011/10/9,0,1,8.5,2
2011/10/10,6,1.5,8.5,1.5
2011/10/11,0,0,0,0
2011/10/12,0,0,0,0
2011/10/13,0,0,0,0
2011/10/14,4,0.5,4,3
2011/10/15,2,14,1,1.5
2011/10/16,8,5,18.5,11.5
2011/10/17,0,0,0,0
2011/10/18,0,0,0,0
2011/10/19,0,0,0,0
2011/10/20,0,0,0,0
2011/10/21,4,2.5,3.5,3
2011/10/22,37.5,27.5,48.5,59.5
2011/10/23,0,0,1.5,0.5
2011/10/24,0,0.5,0.5,0.5
2011/10/25,0,0,0,0
2011/10/26,0,0,0,0
2011/10/27,0,0,0,0
2011/10/28,0,0,0,0
2011/10/29,0,0,0,0
2011/10/30,0,0,1,0
2011/10/31,0,0,0,0
2011/11/1,0,0,0,0
2011/11/2,0,0,0,0
2011/11/3,0,0,0,0
2011/11/4,0,0,0,0
2011/11/5,1.5,1,2.5,1
2011/11/6,7,3,8,7.5
2011/11/7,0,0,0,0.5
2011/11/8,1,0.5,5.5,6.5
2011/11/9,0,0,0,0
2011/11/10,0,0,0,0
2011/11/11,19,21.5,28,18.5
2011/11/12,0,0,0,0
2011/11/13,0,0,0,0
2011/11/14,5.5,0,5,1
2011/11/15,0.5,0.5,0,1.5
2011/11/16,0,0,0,0
2011/11/17,0,0,0,0
2011/11/18,0,0,0,1.5
2011/11/19,78,23.5,105,64
2011/11/20,0,2.5,0,5
2011/11/21,0,0,0.5,0
2011/11/22,0,0,0,0
2011/11/23,0,0,1,1.5
2011/11/24,0,0,0,0
2011/11/25,0,0,0,0
2011/11/26,0,0,0,0
2011/11/27,0,0,0,0
2011/11/28,0,0,0,0
2011/11/29,0,0,0,0
2011/11/30,0,0,0,0
2011/12/1,4.5,1,4.5,4
2011/12/2,1.5,1.5,4.5,2.5
2011/12/3,35,42,19.5,28
2011/12/4,0,0,0,0
2011/12/5,0,0,0,0
2011/12/6,9.5,2.5,13.5,13
2011/12/7,0,0,0,0
2011/12/8,3.5,3,3.5,2.5
2011/12/9,4,6.5,4.5,5
2011/12/10,0,0,0,0
2011/12/11,0,0,0,0
2011/12/12,0,0,0,0
2011/12/13,0,0,0,0
2011/12/14,1.5,0,1.5,2
2011/12/15,0,0,0,0
2011/12/16,0,0,0,0
2011/12/17,0,0,0,0
2011/12/18,0,0,0,0
2011/12/19,0,0,0,0
2011/12/20,0,0,0,0
2011/12/21,0,0,0,0
2011/12/22,0,0,0,0
2011/12/23,0,0,0,0
2011/12/24,0,0,0,0
2011/12/25,0,0,0,0
2011/12/26,0,0,0,0
2011/12/27,0,0,0,0
2011/12/28,0,0,0,0
2011/12/29,0,0,0,0
2011/12/30,0,0,0,0
2011/12/31,0,0,0,0
2012/1/1,0,0,0,0
2012/1/2,0,0,0,0
2012/1/3,0,0,0,0
2012/1/4,0,0,0,0
2012/1/5,0,0,0,0
2012/1/6,0,0,0,0
2012/1/7,0,0,0,0
2012/1/8,0,0,0,0
2012/1/9,0,0,0,0
2012/1/10,0,0,0,0
2012/1/11,0,0,0,0
2012/1/12,0,0,0,0
2012/1/13,0,0,0,0
2012/1/14,0,0,0,0
2012/1/15,0,0,0,0
2012/1/16,0,0,0,0
2012/1/17,0,0,0,0
2012/1/18,0,0,0,0
2012/1/19,0,0.5,0,0
2012/1/20,9,14,8,13
2012/1/21,15,16.5,9.5,11
2012/1/22,3,1.5,4,12.5
2012/1/23,22.5,17,3,17.5
2012/1/24,0.5,0,0,0.5
2012/1/25,0,0,0,0
2012/1/26,0,0,0,0
2012/1/27,0,0,0,0
2012/1/28,0,0,0,0
2012/1/29,0,0,0,0
2012/1/30,0,0,0,0
2012/1/31,0,0,0,0
2012/2/1,0,0,0,0
2012/2/2,0,0,0,0
2012/2/3,0,0,0,0
2012/2/4,0,0,0,0
2012/2/5,0,0,0,0
2012/2/6,4,3,7.5,5
2012/2/7,28.5,19.5,46.5,32.5
2012/2/8,0,0,0,0
2012/2/9,0,0,0,0
2012/2/10,0,0,0,0
2012/2/11,0,0,0,0
2012/2/12,0,0,0,0
2012/2/13,0,0,0,0
2012/2/14,3.5,3,3,5.5
2012/2/15,0,0,0,0
2012/2/16,1,0,0,1
2012/2/17,2,1,2.5,4
2012/2/18,0.5,0,0,0.5
2012/2/19,0,0,0,0
2012/2/20,0,0,0,0
2012/2/21,0,0,0,0
2012/2/22,0,0,0,0
2012/2/23,17,12,35,16
2012/2/24,0,0,0,0
2012/2/25,19,13.5,18.5,12.5
2012/2/26,0,0,0,0
2012/2/27,0,0,0,0
2012/2/28,0,0,0,0
2012/2/29,18.5,18.5,16,11.5
2012/3/1,0,0,0,0
2012/3/2,10,10,17,13
2012/3/3,0.5,0,0,0.5
2012/3/4,0.5,2,0.5,0
2012/3/5,37,33,42.5,29.5
2012/3/6,3,1,12,4.5
2012/3/7,0,0,0,0
2012/3/8,0,0,1,1.5
2012/3/9,26.5,25.5,30.5,24.5
2012/3/10,19.5,13,18.5,12.5
2012/3/11,0,0,0,0
2012/3/12,0,0,0,0
2012/3/13,0,0,0,0
2012/3/14,0,0,0,0
2012/3/15,0,0,0,0
2012/3/16,0,0,0,0
2012/3/17,24,3,56,17.5
2012/3/18,1,0,1,2
2012/3/19,0,0.5,0,0
2012/3/20,0,0,0,0
2012/3/21,0,0,0,0
2012/3/22,0,0,0,0
2012/3/23,11,6.5,19.5,10
2012/3/24,3.5,1.5,6,4.5
2012/3/25,0,0,0,0
2012/3/26,0,0,0,0
2012/3/27,0,0,0,0
2012/3/28,0,0,0.5,0
2012/3/29,0,0,0,0
2012/3/30,0,0,0,0
2012/3/31,8,15,12,10.5
2012/4/1,0,0,0,0
2012/4/2,0,0,0,0
2012/4/3,21.5,17,40,13.5
2012/4/4,0,0,0,0
2012/4/5,0,0,0,0
2012/4/6,0.5,0,0.5,1
2012/4/7,0,0,0,0
2012/4/8,0,0,0,0
2012/4/9,0,0,0,0
2012/4/10,0,0,0,0
2012/4/11,16,5,30,17.5
2012/4/12,0,0,0,0
2012/4/13,4,13.5,2,5
2012/4/14,32,33,34,35.5
2012/4/15,0,0.5,0,0
2012/4/16,0,0,0,0
2012/4/17,1.5,3.5,0.5,5.5
2012/4/18,0,0,0,0
2012/4/19,0,0,0,0
2012/4/20,0,0,0,0
2012/4/21,0,0,0,0
2012/4/22,5.5,6,9.5,7
2012/4/23,9,7,25,15
2012/4/24,1,1,22.5,1.5
2012/4/25,0,0,0,0
2012/4/26,1,2,3,3
2012/4/27,26.5,18,35,27.5
2012/4/28,0,0.5,0,0.5
2012/4/29,0,0,0,0
2012/4/30,0,0,0,0
2012/5/1,0.5,0,1,1
2012/5/2,37,29,43,29.5
2012/5/3,121.5,101.5,103.5,33
2012/5/4,5,4.5,8.5,2.5
2012/5/5,0,0,0,0
2012/5/6,1,3,0,0
2012/5/7,0,0,0,0
2012/5/8,0,0,0,0
2012/5/9,7.5,5.5,1,4.5
2012/5/10,3.5,1,6,9
2012/5/11,0,0,0,0
2012/5/12,0,0,0,0
2012/5/13,0,0,0,0
2012/5/14,0,0,0,0
2012/5/15,11.5,2,14,21.5
2012/5/16,0,0,0,0.5
2012/5/17,0,0,0,0
2012/5/18,4.5,8.5,16.5,14
2012/5/19,0,0,0,0
2012/5/20,0,0,0,0
2012/5/21,0,0,0,0
2012/5/22,33,9.5,41.5,42
2012/5/23,0,0,0,2.5
2012/5/24,0,0,0,0
2012/5/25,0,0,0,0
2012/5/26,0,0,0,0
2012/5/27,0,0,0,0
2012/5/28,5.5,8.5,2,12.5
2012/5/29,0.5,21.5,0.5,11.5
2012/5/30,0,0.5,0,0
2012/5/31,0,0,0,0
2012/6/1,1.5,0.5,1,4
2012/6/2,0,0,0,0
2012/6/3,0.5,0,0,0
2012/6/4,0,0,0,0
2012/6/5,0,0,0,0
2012/6/6,4,1.5,6.5,6
2012/6/7,0,0,0,0
2012/6/8,1,0,0.5,0.5
2012/6/9,29.5,27,36.5,37.5
2012/6/10,1,0,0,2
2012/6/11,1,2,2.5,6
2012/6/12,11.5,5,13.5,9.5
2012/6/13,1,1.5,1.5,2.5
2012/6/14,0,0,0,0
2012/6/15,0,0,0,0
2012/6/16,6.5,3.5,5.5,7.5
2012/6/17,7,7,22.5,12.5
2012/6/18,0,0,0,0
2012/6/19,72.5,75.5,70,63
2012/6/20,0,0,0,0
2012/6/21,0,0,1,0
2012/6/22,48,36.5,71,60
2012/6/23,0,0,0,0
2012/6/24,0,0,0.5,0
2012/6/25,0,0,1,0
2012/6/26,0,0,0,0
2012/6/27,0,0,0,0
2012/6/28,0,0,0,0
2012/6/29,0,0,0,0
2012/6/30,0,0,0,0
2012/7/1,7.5,6,6.5,6
2012/7/2,8,7.5,8.5,17
2012/7/3,9,0,30,23.5
2012/7/4,3,1,1,1.5
2012/7/5,0,0,0,0
2012/7/6,8,18,2.5,10.5
2012/7/7,23,13.5,5,18.5
2012/7/8,6,5,1.5,8
2012/7/9,0,0,0,0
2012/7/10,0,0,0,0
2012/7/11,0,0,0,0
2012/7/12,2,4.5,0.5,0
2012/7/13,11.5,1,1.5,4.5
2012/7/14,41,19,54,27
2012/7/15,0,0,0,0
2012/7/16,0,0,0,0
2012/7/17,0,0,0,0
2012/7/18,0,0,0,0
2012/7/19,0,0,0.5,0
2012/7/20,7,3.5,27,0
2012/7/21,4,3.5,3.5,3.5
2012/7/22,0,0,3.5,1.5
2012/7/23,0,0,0.5,0
2012/7/24,0,0,0,0
2012/7/25,0,0,0,0
2012/7/26,0,0,0,2
2012/7/27,0,0,0,0
2012/7/28,0,0,0,0
2012/7/29,0,0,0,0
2012/7/30,0,0,0,0
2012/7/31,0,0,0,0
2012/8/1,0,0,0,1
2012/8/2,0,0,0,0
2012/8/3,0,0,0,0
2012/8/4,0,0,2.5,0
2012/8/5,0,0,0,0
2012/8/6,15.5,15,8.5,13.5
2012/8/7,0,0,0,0
2012/8/8,0,0,0,0
2012/8/9,0,0,0,0
2012/8/10,0,0,0,0
2012/8/11,0,1,0,0
2012/8/12,0.5,0.5,0,2
2012/8/13,0,0,0,0
2012/8/14,1,8,2.5,3.5
2012/8/15,0,0,0,0
2012/8/16,0,0,0,0
2012/8/17,0,0,0,0
2012/8/18,8,1,4.5,0
2012/8/19,0,0,0,0
2012/8/20,0,0,0,0
2012/8/21,0,0,0,0
2012/8/22,0,0,0,0
2012/8/23,0,0,0,0
2012/8/24,0,0,0,0
2012/8/25,0,0,0,0
2012/8/26,0,0,0,0
2012/8/27,0,0,0,0
2012/8/28,0,0,0,0
2012/8/29,0,0,0,0
2012/8/30,0,0,0,0
2012/8/31,0,5.5,0,0
2012/9/1,22.5,2.5,10,17
2012/9/2,17.5,20,42.5,15
2012/9/3,0.5,0,9,0.5
2012/9/4,4.5,28,15,13.5
2012/9/5,0,0,0,0
2012/9/6,2,24.5,9.5,9.5
2012/9/7,0,0,0,0
2012/9/8,0,0,0,0.5
2012/9/9,0,0,0,0
2012/9/10,0,0,0,0
2012/9/11,0,0,2,0
2012/9/12,0,0,2,13.5
2012/9/13,0,0,0,0
2012/9/14,0,0,0,0
2012/9/15,0,0,0,3
2012/9/16,3.5,0,3,0.5
2012/9/17,8.5,4,19.5,6.5
2012/9/18,5.5,13,10,6.5
2012/9/19,36,8.5,22.5,19
2012/9/20,0,0,0,0
2012/9/21,16,0.5,0,0
2012/9/22,10.5,20.5,29.5,0
2012/9/23,45.5,54.5,77,32.5
2012/9/24,21.5,0.5,71.5,1.5
2012/9/25,7.5,3,6.5,8.5
2012/9/26,0,0,0,0
2012/9/27,0,0,0,0
2012/9/28,0,0,0,2.5
2012/9/29,0,0,0,0
2012/9/30,13,7.5,12.5,6.5
2012/10/1,0,0,0,0
2012/10/2,0,0,0,0
2012/10/3,13,3,16.5,20
2012/10/4,30,0.5,0.5,22.5
2012/10/5,0,0,0,0.5
2012/10/6,8,11.5,4.5,0
2012/10/7,13.5,6.5,5.5,16.5
2012/10/8,0,0,0,0
2012/10/9,0,0,0,0
2012/10/10,0.5,0,0,0.5
2012/10/11,0,0,0,2
2012/10/12,0,0.5,0,3.5
2012/10/13,0,0,0,0
2012/10/14,0,0,0.5,12.5
2012/10/15,0,0,0,0.5
2012/10/16,0,0,0,0
2012/10/17,19.5,4.5,38,26.5
2012/10/18,21.5,12.5,26.5,22.5
2012/10/19,13.5,12.5,17,13
2012/10/20,0,0,0,0
2012/10/21,0,0,0,0
2012/10/22,0,0,0,0
2012/10/23,6,4.5,12,7.5
2012/10/24,0,0,0,0
2012/10/25,0,0,0,0
2012/10/26,0,0,0,0
2012/10/27,0,0,0,0
2012/10/28,20.5,8.5,23.5,10.5
2012/10/29,8.5,1,22.5,24
2012/10/30,0,0,0,0
2012/10/31,0,0,0,0
2012/11/1,0,0,0,0
2012/11/2,0,0,0,0
2012/11/3,0,0,0,0
2012/11/4,0,0,0,0
2012/11/5,0,1.5,0.5,0
2012/11/6,41,14,49.5,36
2012/11/7,0,0,0,0
2012/11/8,0,0,0,0
2012/11/9,0,0,0,0
2012/11/10,0,0,0,0
2012/11/11,14,20.5,21.5,9.5
2012/11/12,3,4,13,3.5
2012/11/13,0,0,0,0
2012/11/14,0,0,0,0
2012/11/15,0,0,0,0
2012/11/16,0,0,0,0
2012/11/17,60.5,21,48.5,46.5
2012/11/18,0,0,0,0
2012/11/19,0,0,0,0
2012/11/20,0,0,0,0
2012/11/21,0,0,0,0
2012/11/22,0,0,2,1
2012/11/23,5,1,4.5,8
2012/11/24,0.5,0,0,0
2012/11/25,0,0,0,0
2012/11/26,26,5.5,39,23
2012/11/27,0,0,0,0
2012/11/28,0.5,0,0,0.5
2012/11/29,3.5,2,0.5,4.5
2012/11/30,0,0,0,0
2012/12/1,0,0,0,1
2012/12/2,2.5,0.5,2.5,2
2012/12/3,1,1.5,0,3
2012/12/4,1.5,8,0.5,0.5
2012/12/5,0,0,0,0
2012/12/6,0,0,1.5,0
2012/12/7,0,0,0,0
2012/12/8,0,0,0,0
2012/12/9,0,0,0,0
2012/12/10,0,0,0,0
2012/12/11,0,0,0,0
2012/12/12,0,0,0,0
2012/12/13,0,0,0,0
2012/12/14,0,0,0,0
2012/12/15,2,0,7,3.5
2012/12/16,0.5,0,0,1
2012/12/17,1.5,0,1.5,0
2012/12/18,0,0,1,0
2012/12/19,0,0,0,0
2012/12/20,0,0,0,0
2012/12/21,0,0,0,0
2012/12/22,16.5,6.5,22,16.5
2012/12/23,0,0,0,0
2012/12/24,0,0,0,0
2012/12/25,0,0,0,0
2012/12/26,0,0,0,0
2012/12/27,0,0,0,0
2012/12/28,2.5,1,5.5,3
2012/12/29,1,0.5,5,2.5
2012/12/30,40,28.5,55,44
2012/12/31,0,0,0.5,0
2013/1/1,0,0,0,0
2013/1/2,0,0,0,0
2013/1/3,0,0,0,0
2013/1/4,0,0,0,0
2013/1/5,0,0,0,0
2013/1/6,0,0,0,0
2013/1/7,0,0,0,0
2013/1/8,0,0,0,0
2013/1/9,0,0,0,0
2013/1/10,0,0,0,0
2013/1/11,0,0,0,0
2013/1/12,0,0,0,0
2013/1/13,0,0,0,0
2013/1/14,64,41,64,53.5
2013/1/15,0,0,0,0
2013/1/16,0,0,0,0
2013/1/17,0,0,0,0
2013/1/18,0,0,0,0
2013/1/19,0,0,0,0
2013/1/20,0,0,0,0
2013/1/21,0,0,1.5,0.5
2013/1/22,3,0,5,5.5
2013/1/23,0.5,0,1.5,5
2013/1/24,2.5,0,1.5,4
2013/1/25,0,0,0,0
2013/1/26,0,0,0,0
2013/1/27,0,0,0,0
2013/1/28,0,0.5,0,0
2013/1/29,0,0,0,0
2013/1/30,0,0,0,0
2013/1/31,0,0,0,0
2013/2/1,0,0,0,0
2013/2/2,0,0,8.5,0.5
2013/2/3,0,0,0,0
2013/2/4,0,0,0,0
2013/2/5,0,0,0,0
2013/2/6,16,11,15,14.5
2013/2/7,0,0,0,0
2013/2/8,0,0,0,0
2013/2/9,0,0,0,0
2013/2/10,0,0,0,0
2013/2/11,0,0,0,0
2013/2/12,0,0,0,0
2013/2/13,8.5,5,9,9
2013/2/14,0,0,0,0
2013/2/15,3,2.5,4.5,6
2013/2/16,0,0,0,0
2013/2/17,0,0,0,0
2013/2/18,0,0,5.5,1.5
2013/2/19,0.5,0,7.5,0
2013/2/20,0,0,0,0
2013/2/21,0,0,0,0
2013/2/22,0,0,0,0
2013/2/23,0,0,0,0
2013/2/24,0,0,0,0
2013/2/25,0,0,0,0
2013/2/26,0,0,0,0
2013/2/27,2,0,6.5,4.5
2013/2/28,0,0,0,0
2013/3/1,16.5,3.5,10.5,16
2013/3/2,0,0.5,0,0
2013/3/3,0,0,0,0
2013/3/4,0.5,1,0,0
2013/3/5,0,0.5,0,0.5
2013/3/6,0,0,0,0
2013/3/7,0,0,0,0
2013/3/8,0,0,0,0
2013/3/9,0,0,0,0
2013/3/10,0,0,0,0
2013/3/11,0,0,0,0
2013/3/12,0,0,0,0
2013/3/13,4.5,1.5,1,3.5
2013/3/14,7.5,3.5,5.5,10.5
2013/3/15,0,0,0,0
2013/3/16,0,0,0,0
2013/3/17,0,0,0,0
2013/3/18,0.5,14.5,2,0
2013/3/19,1.5,0,0,0.5
2013/3/20,1.5,0,1,1
2013/3/21,0,0,0,0
2013/3/22,0,0,0,0
2013/3/23,0,0,0,0
2013/3/24,0,0,0,0
2013/3/25,5,9,0.5,2.5
2013/3/26,0,0,0,0
2013/3/27,5,2.5,4.5,2.5
2013/3/28,0,0,0,0
2013/3/29,0,0,0,0
2013/3/30,0,0.5,0,0
2013/3/31,2,1,1.5,4.5
2013/4/1,0,0,0.5,0
2013/4/2,53.5,44.5,73,26
2013/4/3,60,53.5,38,66.5
2013/4/4,0,0,0,0
2013/4/5,0,0,0,0
2013/4/6,99.5,50.5,97,36.5
2013/4/7,9.5,1.5,3,2
2013/4/8,0,0,0,0
2013/4/9,0,0,0,0
2013/4/10,0,0,0,0
2013/4/11,0.5,0.5,0,2
2013/4/12,0,0,0,0
2013/4/13,0,0,0,0
2013/4/14,0,0,0,0
2013/4/15,0,0,0,0
2013/4/16,0,0,0,0
2013/4/17,0,0,0,0
2013/4/18,0,0,0,0
2013/4/19,0,0,0,0
2013/4/20,7.5,6,9.5,7.5
2013/4/21,23.5,13.5,33,22.5
2013/4/22,0,0,0,0
2013/4/23,0,0,0,0
2013/4/24,25.5,9.5,24,13
2013/4/25,3.5,0,3,16
2013/4/26,0,1,0,0
2013/4/27,0,0.5,0,0
2013/4/28,0,0,0,0
2013/4/29,0,0,0,0
2013/4/30,0,0,0,0
2013/5/1,5,4.5,10,6
2013/5/2,4.5,1,3.5,3.5
2013/5/3,0,0,0,0
2013/5/4,0,0,0,0
2013/5/5,0,0,0,0
2013/5/6,0,0,0,0
2013/5/7,0,0,0,0
2013/5/8,0,0,0,0
2013/5/9,0,0,0,0
2013/5/10,0,0,0,0
2013/5/11,20,16,25.5,26.5
2013/5/12,4,1.5,2,6.5
2013/5/13,0,0,0,0
2013/5/14,0,0,0,0
2013/5/15,0,0,0,0
2013/5/16,2,19.5,12.5,2.5
2013/5/17,0,0,0,0
2013/5/18,0,0,0,0
2013/5/19,4.5,2.5,3.5,2.5
2013/5/20,12,4,16,19
2013/5/21,0.5,0,0,0.5
2013/5/22,0,0,0,0
2013/5/23,0,0,0,0
2013/5/24,0,0,0,0
2013/5/25,0,0,0,0
2013/5/26,0,0,0,0
2013/5/27,0,0,0,0
2013/5/28,0,0,0,0
2013/5/29,0,0,0,0
2013/5/30,2.5,3,2,2
2013/5/31,1,0,0.5,1
2013/6/1,0,0,0,0
2013/6/2,0,0,0,0
2013/6/3,0,0,0,0
2013/6/4,0,0,0,0
2013/6/5,0,0,0,0
2013/6/6,0,0,0,0
2013/6/7,0,0,0,0
2013/6/8,0.5,0.5,0,0.5
2013/6/9,0,0,0,0
2013/6/10,0,0,0,0
2013/6/11,4.5,2,5,2
2013/6/12,7,4.5,15,6
2013/6/13,41,25.5,37,19
2013/6/14,11.5,11.5,4,6
2013/6/15,0,0,0,1.5
2013/6/16,26.5,13.5,37,21
2013/6/17,0,0,0,0
2013/6/18,0,0,0,0
2013/6/19,1,4,1,3
2013/6/20,9,6,14.5,12
2013/6/21,13,4,12.5,8.5
2013/6/22,0,0.5,0,1
2013/6/23,1.5,0,0,0
2013/6/24,3.5,0,0.5,0
2013/6/25,0,3,0,48
2013/6/26,37.5,29.5,55,42
2013/6/27,2.5,1,1.5,0.5
2013/6/28,0,0,0,0
2013/6/29,0,2.5,0,0
2013/6/30,0,0,0,0
2013/7/1,0,0,0,1.5
2013/7/2,0,0,0,0
2013/7/3,0,0,0,0
2013/7/4,0.5,0,2.5,0
2013/7/5,2,0,25,3.5
2013/7/6,0,0,0,0
2013/7/7,7.5,1.5,0,0
2013/7/8,4.5,32.5,0,0
2013/7/9,0,0,0,0
2013/7/10,0,0,0,0
2013/7/11,0,0,0,0
2013/7/12,0,0,0,0
2013/7/13,0,0,0,0
2013/7/14,36.5,0,0,0
2013/7/15,0,0,0,0
2013/7/16,0,0,0,0
2013/7/17,10.5,26.5,1.5,4.5
2013/7/18,1,5,1.5,1
2013/7/19,0,0,0,0
2013/7/20,0,0,0,0
2013/7/21,0,0,0,0
2013/7/22,0,1,0,0
2013/7/23,24.5,3,29,2.5
2013/7/24,1.5,3.5,5,7
2013/7/25,0,1,0,0.5
2013/7/26,0,0,0,0
2013/7/27,19.5,21.5,11.5,17
2013/7/28,0.5,12,0,0
2013/7/29,7,3.5,4,22
2013/7/30,0,0,0,0
2013/7/31,0,0,0,0
2013/8/1,0.5,0,1,0
2013/8/2,0,0,0,0
2013/8/3,0,0,0,0
2013/8/4,0,4.5,0,0
2013/8/5,0,0,0,0
2013/8/6,10.5,0,0.5,0.5
2013/8/7,0,0,0,0
2013/8/8,0,0,0,0
2013/8/9,0,0,0,0
2013/8/10,0,0,0,0
2013/8/11,0,0,0,0
2013/8/12,3.5,0,1.5,0
2013/8/13,6.5,0,2.5,1
2013/8/14,0,0,0,0
2013/8/15,0,0,0,0
2013/8/16,0,0,0,0
2013/8/17,0,0,0,0
2013/8/18,0,0,0,0
2013/8/19,0,0,0,0
2013/8/20,0,7.5,0,3
2013/8/21,26.5,2.5,6,16
2013/8/22,0,1.5,0,0
2013/8/23,7.5,26.5,28.5,3.5
2013/8/24,0.5,0,3.5,0
2013/8/25,3.5,2,12,2.5
2013/8/26,4.5,13.5,0,0
2013/8/27,35.5,22.5,24,17
2013/8/28,0,0,0,0
2013/8/29,0,0,0,0
2013/8/30,0,0,0,0
2013/8/31,0,0,0,0
2013/9/1,0,6,0,0
2013/9/2,0,2.5,0,0
2013/9/3,0,0.5,0,3
2013/9/4,14,22.5,15,9.5
2013/9/5,24,28.5,36.5,39.5
2013/9/6,0,0,0,0
2013/9/7,0,0,0,0
2013/9/8,46,14.5,7,24
2013/9/9,0,0.5,0,0.5
2013/9/10,1.5,0,2,1
2013/9/11,3.5,1.5,2.5,3.5
2013/9/12,0,0,0,0
2013/9/13,0,0,0,0
2013/9/14,0,0,0,0
2013/9/15,78,104.5,80,95
2013/9/16,16.5,26,17,5.5
2013/9/17,0,0,0,0
2013/9/18,0,0,0,0
2013/9/19,0,0,0,0
2013/9/20,0,0,0,0
2013/9/21,0,0,0,0
2013/9/22,0,0,0,0
2013/9/23,0,0,4.5,0
2013/9/24,4,0,2,0
2013/9/25,38,34,20.5,11
2013/9/26,6,0,5,2
2013/9/27,0,0,0,0
2013/9/28,0,0,0,0
2013/9/29,0,0,0,0
2013/9/30,0,0,0,0
2013/10/1,4,3,8,16.5
2013/10/2,35,12,18,44
2013/10/3,0.5,0,0,0.5
2013/10/4,2.5,1,6.5,0
2013/10/5,30,15.5,15.5,13
2013/10/6,0.5,2,0,0.5
2013/10/7,0,0,0.5,0
2013/10/8,0,0,0,0
2013/10/9,0,0,0,0
2013/10/10,0.5,0.5,1.5,0
2013/10/11,0.5,0,1.5,0.5
2013/10/12,0,0,0,0
2013/10/13,0,0,0,0
2013/10/14,0,0,0,0
2013/10/15,69.5,59,87.5,61
2013/10/16,176.5,116,139.5,224
2013/10/17,0,0,0,0
2013/10/18,0,0,0,0
2013/10/19,2.5,2.5,0,5
2013/10/20,61,55,58,56.5
2013/10/21,0,0,0,0.5
2013/10/22,0,0,0,0
2013/10/23,0,0,0,0
2013/10/24,2,1,0.5,2
2013/10/25,14,17.5,11.5,17.5
2013/10/26,36,41.5,34.5,69
2013/10/27,0,0,4,0
2013/10/28,0,0,0,0
2013/10/29,5,4,7,4
2013/10/30,0,1,0,0
2013/10/31,0,0.5,0,0
2013/11/1,0,0,0,0
2013/11/2,0.5,0,0,0.5
2013/11/3,0,0,0,0
2013/11/4,5,10.5,9.5,15.5
2013/11/5,0,0,0,0
2013/11/6,0,0,0,0
2013/11/7,4.5,6.5,5.5,6.5
2013/11/8,0,0,0,0
2013/11/9,0,0,0,0
2013/11/10,0,0,0,0
2013/11/11,1.5,3.5,1,1
2013/11/12,0,0,0,0
2013/11/13,0,0,0,0
2013/11/14,0,0,0,0
2013/11/15,0.5,2,1,0
2013/11/16,0,0,0,0
2013/11/17,0,0,0,0
2013/11/18,0,0,0,0
2013/11/19,0,0,0,0
2013/11/20,0,0,0,0
2013/11/21,0,0,0,0
2013/11/22,0,0,0,0
2013/11/23,0,0,0,0
2013/11/24,0,0,0,0
2013/11/25,14,5,4,7
2013/11/26,0,0,0,3.5
2013/11/27,0,0,0,0
2013/11/28,0,0,0,0
2013/11/29,0,0,0,0
2013/11/30,0,0,0,0
2013/12/1,0,0,0,0
2013/12/2,0,0,0,0
2013/12/3,0,0,0,0
2013/12/4,0,0,0,0
2013/12/5,0,0,0,0
2013/12/6,0,0,0,0
2013/12/7,0,0,0,0
2013/12/8,0,0,0,0
2013/12/9,0,0,0,0
2013/12/10,9.5,7,16.5,14.5
2013/12/11,0,0,0,0
2013/12/12,0,0,0,0
2013/12/13,0,0,0,0
2013/12/14,0,0,0,0
2013/12/15,0,0,0,0
2013/12/16,0,0,0,0
2013/12/17,0,0,0,0
2013/12/18,9,5,6.5,7
2013/12/19,26.5,20.5,22,19
2013/12/20,12.5,20,6,15
2013/12/21,0,0,0,0
2013/12/22,0,0,0,0
2013/12/23,0,0,0,0
2013/12/24,0,0,0,0
2013/12/25,0,0,0,0
2013/12/26,0.5,2.5,0.5,0.5
2013/12/27,1.5,1.5,2.5,1
2013/12/28,0,0,0,0
2013/12/29,0,0,0,0
2013/12/30,0,0,0,0
2013/12/31,0,0,0,0
2014/1/1,0,0,0,0
2014/1/2,0,0,0,0
2014/1/3,0,0,0,0
2014/1/4,0,0,0,0
2014/1/5,0,0,0,0
2014/1/6,0,0,0,0
2014/1/7,0,0,0,0
2014/1/8,15.5,9,20,16
2014/1/9,4,0.5,5,9.5
2014/1/10,0,0,0,0
2014/1/11,0,0,0,0
2014/1/12,0,0,0,0
2014/1/13,0,0,0,0
2014/1/14,0,0,0,0
2014/1/15,0,0,0,0
2014/1/16,0,0,0,0
2014/1/17,0,0,0,0
2014/1/18,0,0,0,0
2014/1/19,0,0,0,0
2014/1/20,0,0,0,0
2014/1/21,2,1.5,0.5,0
2014/1/22,1.5,0,1,1
2014/1/23,0,0,0,0
2014/1/24,0,0,0,0
2014/1/25,0,0,0,0
2014/1/26,0,0,6,0.5
2014/1/27,0,0,0,0
2014/1/28,0,0,0,0
2014/1/29,0,0,0,0
2014/1/30,1.5,0,6,3
2014/1/31,0,0,0,0
2014/2/1,0,0,0,0
2014/2/2,0,0,0,0
2014/2/3,0,0,0,0
2014/2/4,5,5,2.5,3.5
2014/2/5,0,0,0,0
2014/2/6,0,0,0,0
2014/2/7,0,0,0,0
2014/2/8,29.5,14.5,33,44.5
2014/2/9,1.5,0,1,3
2014/2/10,0,0,0,0
2014/2/11,0,0,0,1.5
2014/2/12,0,0,0,0
2014/2/13,0,0,0,0
2014/2/14,28.5,18,36,25
2014/2/15,67.5,67,44.5,67.5
2014/2/16,0,0,0,0
2014/2/17,0,0,0,0
2014/2/18,0,0,0,0
2014/2/19,0,0,0,0
2014/2/20,0,0,0,0
2014/2/21,0,0,0,0
2014/2/22,0,0,0,0
2014/2/23,0,0,0,0
2014/2/24,0,0,0,0
2014/2/25,0,0,0,0
2014/2/26,0,0,0,0
2014/2/27,7.5,5,5.5,0
2014/2/28,18,2,5,2
2014/3/1,1,2,0,2
2014/3/2,15,7.5,13.5,13.5
2014/3/3,1,1,0,1
2014/3/4,1,0,0.5,0.5
2014/3/5,30,23.5,45,22
2014/3/6,0,0,0,0
2014/3/7,0,0,0,0
2014/3/8,0,0,0,0
2014/3/9,0,0,0,0
2014/3/10,0,0,0,0
2014/3/11,0,0,0,0
2014/3/12,0,0,0,0
2014/3/13,30.5,23.5,27.5,20
2014/3/14,0,0,0,2
2014/3/15,0,0,0,0
2014/3/16,0,0,0,0
2014/3/17,0,0,0,0
2014/3/18,0,0,0,0
2014/3/19,0,0,0,0
2014/3/20,17,12.5,23.5,17.5
2014/3/21,0,0,0,0
2014/3/22,0,0,0,0
2014/3/23,0,0,0,0
2014/3/24,0,0,0,0
2014/3/25,0,0,0,0
2014/3/26,0,0,0,0
2014/3/27,4.5,0.5,1,2.5
2014/3/28,0,0.5,0,0
2014/3/29,0,0,0,0
2014/3/30,13.5,9,17,14.5
2014/3/31,0,0,0,0
2014/4/1,0,0,0,0
2014/4/2,0,0,0,0
2014/4/3,65,43,48.5,31
2014/4/4,40,18,39,32.5
2014/4/5,0,0,0,0
2014/4/6,7,2,10,5.5
2014/4/7,0,0,0,0
2014/4/8,0,0,0,0
2014/4/9,0,0,0,0
2014/4/10,0,0,0,0
2014/4/11,0,0,0,0
2014/4/12,0,0,0,0
2014/4/13,0,0,0,0
2014/4/14,0,0,0,0
2014/4/15,0,0,0,0
2014/4/16,0,0,0,0
2014/4/17,0,0,0,0
2014/4/18,0.5,2.5,3,2.5
2014/4/19,0.5,0,0,0
2014/4/20,0,0,0.5,0
2014/4/21,7,0.5,11.5,8
2014/4/22,4.5,1.5,9,2.5
2014/4/23,3.5,0,3.5,0
2014/4/24,0,0,0,0
2014/4/25,0,0,0,0
2014/4/26,0,0,0,0
2014/4/27,0,0,0,0
2014/4/28,0,0,0,0
2014/4/29,0,0,0,0
2014/4/30,27,19.5,29.5,42.5
2014/5/1,23,10,8.5,7
2014/5/2,0,0,0,0
2014/5/3,0,0,0,0
2014/5/4,0,0,0,0
2014/5/5,0,0,0,0
2014/5/6,3.5,0,1.5,2.5
2014/5/7,0,0,0,0
2014/5/8,0,0,0,0
2014/5/9,1.5,1.5,0,1.5
2014/5/10,0,0,0,0
2014/5/11,0,0,0,0
2014/5/12,1,0.5,0.5,2
2014/5/13,5.5,2,9.5,10
2014/5/14,0,0,0,0
2014/5/15,0.5,0.5,4,5
2014/5/16,0,0,0,0
2014/5/17,0,0,0,0
2014/5/18,0,0,0,0
2014/5/19,0,0,0,0
2014/5/20,0,0,4.5,0
2014/5/21,52,34,57.5,41.5
2014/5/22,19.5,0,5.5,8.5
2014/5/23,0,0,0,0
2014/5/24,0,0,0,0
2014/5/25,0,0,0,0
2014/5/26,7.5,6.5,4,7
2014/5/27,21.5,15.5,32,31
2014/5/28,0,0,0,0
2014/5/29,0,0,0,0
2014/5/30,0,0,0,0
2014/5/31,0,0,0,0
2014/6/1,0,0,0,0
2014/6/2,0,0,0,0
2014/6/3,0,0,0,0
2014/6/4,0,0,0,0
2014/6/5,18,14,24,9
2014/6/6,123.5,112,155,105
2014/6/7,61.5,59.5,78,73
2014/6/8,6.5,48,0,14
2014/6/9,4.5,11,0,23.5
2014/6/10,2,2.5,3.5,0
2014/6/11,13,10.5,25.5,38.5
2014/6/12,16,26,19.5,17
2014/6/13,1.5,0,0,0
2014/6/14,0,0,0,0
2014/6/15,0,0,0,0
2014/6/16,0,0,0,0
2014/6/17,0,0,0,0
2014/6/18,0,0,1,0
2014/6/19,0,5,0,0
2014/6/20,0,4,0,0
2014/6/21,0,0,0,0
2014/6/22,6,15.5,4,3.5
2014/6/23,0,0,0,14
2014/6/24,5,0.5,12.5,0
2014/6/25,5.5,5.5,0.5,1.5
2014/6/26,0,0,0,15
2014/6/27,7.5,0,0.5,0.5
2014/6/28,13,6,12.5,5.5
2014/6/29,27.5,30,12,20.5
2014/6/30,0,0,0,0
2014/7/1,1.5,1,0,1
2014/7/2,0,0,0,0
2014/7/3,2,1.5,0.5,3.5
2014/7/4,5,10,8.5,7.5
2014/7/5,1.5,3,6.5,0
2014/7/6,0,0,0,0
2014/7/7,7,2,9,5.5
2014/7/8,0,0,0,0
2014/7/9,9,7.5,6.5,5.5
2014/7/10,3.5,1,7,2
2014/7/11,4,28,1,8
2014/7/12,0,0,0,0
2014/7/13,0,0,0,0
2014/7/14,0,0,0,0
2014/7/15,0,3,0,0
2014/7/16,0,0,0,0
2014/7/17,0,12,0,0.5
2014/7/18,2.5,1,2.5,2.5
2014/7/19,6.5,21.5,1,33
2014/7/20,53,18.5,11,0.5
2014/7/21,0,0.5,2,0
2014/7/22,0,0,0,0
2014/7/23,0,0,0,0
2014/7/24,7,28.5,2.5,0
2014/7/25,0,0,0,0
2014/7/26,0,0,0,0
2014/7/27,3,4,10.5,0
2014/7/28,0,0,0,0
2014/7/29,0,0,0,0
2014/7/30,0,0,0,0
2014/7/31,0,0,0,0
2014/8/1,0,0,0.5,0
2014/8/2,0,0,0,0
2014/8/3,0,0,0,0
2014/8/4,0,0,0,0
2014/8/5,0,0,0,0
2014/8/6,0,0,0,0
2014/8/7,0,0,0,0
2014/8/8,0,0,0,0
2014/8/9,0,0.5,4,4
2014/8/10,45,60.5,50.5,15
2014/8/11,0,0,0,0
2014/8/12,0.5,11.5,1.5,0.5
2014/8/13,0,0,0,0
2014/8/14,19.5,0.5,3.5,11
2014/8/15,0,0,0,0
2014/8/16,1.5,4.5,2.5,8
2014/8/17,0,0.5,0,0
2014/8/18,0,0,0,0
2014/8/19,0,0,0,0
2014/8/20,0,0,0,0
2014/8/21,0,0,0,0
2014/8/22,0,0,0,0
2014/8/23,0,0,2,0
2014/8/24,0,1.5,0,0
2014/8/25,0,5.5,0,0
2014/8/26,0,5,0,2.5
2014/8/27,5,2.5,6,0.5
2014/8/28,7,0.5,12,13.5
2014/8/29,0.5,0,7.5,1
2014/8/30,26,7.5,35.5,26
2014/8/31,0,0,0,0
2014/9/1,38.5,31.5,38,31.5
2014/9/2,0,0.5,0,0
2014/9/3,0,0,0,0
2014/9/4,0,0,0,0
2014/9/5,0,0,0,0
2014/9/6,9,8,3.5,0
2014/9/7,5,10.5,20.5,8.5
2014/9/8,2,0,2.5,9
2014/9/9,1.5,0,0.5,5.5
2014/9/10,81,0,0,3
2014/9/11,4.5,8,5,60
2014/9/12,0,0.5,0,0
2014/9/13,0,0,0,0
2014/9/14,0,0,0,0.5
2014/9/15,0,0,0,0
2014/9/16,0,0,0,0
2014/9/17,0,0,0,0
2014/9/18,0,0,0,0
2014/9/19,0,0,0,0
2014/9/20,0,0,0,0
2014/9/21,0,0,0,0
2014/9/22,0,3.5,0,1.5
2014/9/23,0,0,0,0
2014/9/24,8.5,1,8.5,0.5
2014/9/25,5.5,7.5,10,7
2014/9/26,0,0,0,2
2014/9/27,0,0,0,0
2014/9/28,0,0,0,0
2014/9/29,0,0,0,0
2014/9/30,0,0,0,0
2014/10/1,5,0,8,0
2014/10/2,0,0,0,1.5
2014/10/3,0,0,0,0
2014/10/4,0,0,0,0
2014/10/5,148.5,98.5,165,110.5
2014/10/6,123.5,102,187,139.5
2014/10/7,0,0,0,0.5
2014/10/8,0,0,0,0
2014/10/9,0,0,2.5,0
2014/10/10,0,0,0,0
2014/10/11,0,0,0,0
2014/10/12,0,0,0,0
2014/10/13,49,66,46,12.5
2014/10/14,14,5.5,8.5,14
2014/10/15,9,4.5,9.5,7.5
2014/10/16,0,0,0,0
2014/10/17,0,0,0,0
2014/10/18,0,0,0,0
2014/10/19,0,0,0,0
2014/10/20,0,1.5,0,0
2014/10/21,1,2,5,2.5
2014/10/22,26,13,34.5,36
2014/10/23,5.5,6.5,8.5,9
2014/10/24,0,0,0,0.5
2014/10/25,0,0,0,0
2014/10/26,3,1,1,9
2014/10/27,0,0,0,0
2014/10/28,0,0,0,0
2014/10/29,0,0,0,0
2014/10/30,0,0,0,0
2014/10/31,0,0,0.5,0
2014/11/1,9.5,14,9.5,11.5
2014/11/2,0.5,0.5,0,0
2014/11/3,0,0,0,0
2014/11/4,0,0,0,0
2014/11/5,0,0,0,0
2014/11/6,2,0,4.5,1.5
2014/11/7,0,0,0,0
2014/11/8,0,0,0,0
2014/11/9,1,0,1.5,0.5
2014/11/10,0.5,0,1,0
2014/11/11,0,0.5,0,0
2014/11/12,3,0.5,1,3
2014/11/13,0,0,0,0
2014/11/14,0,0,0,0
2014/11/15,0,0,0,0
2014/11/16,0,0,0,0
2014/11/17,0,0,0,0
2014/11/18,0,0,0,0
2014/11/19,0,0,0,0
2014/11/20,17.5,11.5,14,11
2014/11/21,0,0,0,0.5
2014/11/22,0,0,0,0
2014/11/23,0,0,0,0
2014/11/24,0,0,0,0
2014/11/25,10,9.5,10.5,10.5
2014/11/26,44,33,31,24.5
2014/11/27,1.5,1.5,3,1.5
2014/11/28,0,0,0,0
2014/11/29,8,2,13,12.5
2014/11/30,1,1,1,0.5
2014/12/1,11,13,20,13.5
2014/12/2,0,0,0,0
2014/12/3,0,0,0,0
2014/12/4,5,3,3.5,4
2014/12/5,0,0,0,1
2014/12/6,0,0,0,0
2014/12/7,0,0,0,0
2014/12/8,0,0,0,0
2014/12/9,0,0,0,0
2014/12/10,0,0,0,0
2014/12/11,1.5,0,6.5,11.5
2014/12/12,0,0,0,0
2014/12/13,0,0,0,0
2014/12/14,0,0,0,0
2014/12/15,0,0,0,0
2014/12/16,18,10.5,21.5,14.5
2014/12/17,0,0,0,0
2014/12/18,0,0,0,0
2014/12/19,0,0,0,0
2014/12/20,21,13,28.5,24.5
2014/12/21,0,0,0,0
2014/12/22,0,0,0,0
2014/12/23,0,0,0,0
2014/12/24,0,0,0,0
2014/12/25,0,0,0,0
2014/12/26,0,0,0,0
2014/12/27,0,0,0,0
2014/12/28,0,0,0,0
2014/12/29,5.5,6,7,9
2014/12/30,0,0,0,0
2014/12/31,0,0,0,0
2015/1/1,0,0,0,0
2015/1/2,0,0,0,0
2015/1/3,0,0,0,0
2015/1/4,0,0,0,0
2015/1/5,0,0,0,0
2015/1/6,6.5,0.5,16.5,7.5
2015/1/7,0,0,0,0
2015/1/8,0,0,0,0
2015/1/9,0,0,0,0
2015/1/10,0,0,0,0
2015/1/11,0,0,0,0
2015/1/12,0,0,0,0
2015/1/13,0,0,0,0
2015/1/14,0,0,0,0
2015/1/15,35.5,21.5,32,36
2015/1/16,0,0,0,0
2015/1/17,0,0,0,0
2015/1/18,0,0,0,0
2015/1/19,0,0,0,0
2015/1/20,0,0,0,0
2015/1/21,4,0.5,3.5,3.5
2015/1/22,7.5,4,13.5,7
2015/1/23,7.5,2,6.5,10.5
2015/1/24,0,0,0,0
2015/1/25,0,0,0,0
2015/1/26,0.5,0,0,0.5
2015/1/27,14.5,12,15.5,12
2015/1/28,0,0,0,0
2015/1/29,0,0,0,0
2015/1/30,16.5,10,19,14.5
2015/1/31,0,0,0,0
2015/2/1,0,0,0,0
2015/2/2,0,0,0,0
2015/2/3,0,0,0,0
2015/2/4,0,0,0,0
2015/2/5,9,7.5,6,6
2015/2/6,0,0,0,0
2015/2/7,1.5,0,0.5,2.5
2015/2/8,6,6,8,8
2015/2/9,0,0,0,0
2015/2/10,0,0,0,0
2015/2/11,0,0,0,0
2015/2/12,0,0,0,0
2015/2/13,0,0,0,0
2015/2/14,0,0,0,0
2015/2/15,0,0,0,0
2015/2/16,0,0,0,0
2015/2/17,3,2,1,3
2015/2/18,10.5,9.5,5,16.5
2015/2/19,0,0,0,0
2015/2/20,0,0,0,0
2015/2/21,0,0,0,0
2015/2/22,1.5,0,6.5,2.5
2015/2/23,16,2,11.5,14.5
2015/2/24,0,0,0,0
2015/2/25,0,0,0,0
2015/2/26,14.5,9.5,14.5,18
2015/2/27,0,0,0,0
2015/2/28,0,0,0,0
2015/3/1,29,22,37.5,34.5
2015/3/2,0,0,0,0
2015/3/3,0.5,0,0.5,0.5
2015/3/4,18.5,14.5,18,13
2015/3/5,0,0,0,0
2015/3/6,0,0,1.5,1.5
2015/3/7,4.5,2,4,2.5
2015/3/8,0.5,1.5,0.5,3
2015/3/9,23,14,18,19.5
2015/3/10,2.5,3.5,1.5,5
2015/3/11,0,0,0,0
2015/3/12,0,0,0,0
2015/3/13,0,0,0,0
2015/3/14,0,0,0,0
2015/3/15,0,0,0,0
2015/3/16,10,1.5,18.5,7
2015/3/17,0.5,0,1,1.5
2015/3/18,0,0,0,0
2015/3/19,5,2.5,9.5,8.5
2015/3/20,0,0,0,0
2015/3/21,0,0,1,0
2015/3/22,0,0,0,0
2015/3/23,0,0,0,3
2015/3/24,0,0,0,0
2015/3/25,0,0,0,0
2015/3/26,0,0,0,0
2015/3/27,0,0,0,0
2015/3/28,0,0,0,0
2015/3/29,0,0,1.5,1
2015/3/30,0,0,0,0
2015/3/31,0,0,0,0
2015/4/1,1.5,1,3.5,2.5
2015/4/2,0,0,0,0
2015/4/3,0,0,0,0
2015/4/4,0,0,0,1
2015/4/5,8,4,4.5,6
2015/4/6,0,0,0,0
2015/4/7,4.5,3.5,4.5,3.5
2015/4/8,20,18.5,16,15
2015/4/9,0,0.5,0,0
2015/4/10,9.5,7,12,9
2015/4/11,7.5,3.5,5,7.5
2015/4/12,0,0,0,0
2015/4/13,36.5,18.5,41.5,33
2015/4/14,22.5,13.5,17.5,23
2015/4/15,2,1.5,1.5,2
2015/4/16,0,0,0,0
2015/4/17,3.5,0,0,0
2015/4/18,0,0,0,0
2015/4/19,0,0,0,0
2015/4/20,10.5,1,13.5,10.5
2015/4/21,0.5,0,0,1
2015/4/22,2.5,0,1.5,2
2015/4/23,0,0,0,0
2015/4/24,0,0,0,0
2015/4/25,0,0,0,0
2015/4/26,0,0,0,0
2015/4/27,0,0,0,0
2015/4/28,0,0,0,0
2015/4/29,0,0,0,0
2015/4/30,0,0,0,0
2015/5/1,0,0,0,0
2015/5/2,0,0,0,0
2015/5/3,0,0,0,0
2015/5/4,0,0,0,0
2015/5/5,0,0,0,0
2015/5/6,0,0,0,0
2015/5/7,0,0,0,0
2015/5/8,0,0,0,0
2015/5/9,0,0.5,0,0
2015/5/10,0,0,3,0
2015/5/11,0,0,0,0
2015/5/12,58.5,36.5,31,17.5
2015/5/13,0,0,0,0
2015/5/14,0,0,0,0
2015/5/15,0,0,0,0
2015/5/16,3.5,2.5,8.5,3
2015/5/17,0,0,0,0
2015/5/18,3.5,0,1,0.5
2015/5/19,4.5,3,5,5.5
2015/5/20,0.5,0,0,0
2015/5/21,8.5,8,10,8.5
2015/5/22,0,0,0,0
2015/5/23,0,0,0,0
2015/5/24,0,0,0,0
2015/5/25,0,0,0,0
2015/5/26,0,0,0,0
2015/5/27,0,0,0,0
2015/5/28,0,0,0,0
2015/5/29,9,6,11,12
2015/5/30,0,0,0,0
2015/5/31,0,0,0,0
2015/6/1,0,0,0,0
2015/6/2,0,0,0,0
2015/6/3,16,11.5,19,16.5
2015/6/4,0,0,0,0
2015/6/5,27,30.5,17.5,22.5
2015/6/6,23.5,13,23,21.5
2015/6/7,0,0,0,0
2015/6/8,0.5,0,0.5,0
2015/6/9,33,25,29.5,23
2015/6/10,0,0,0,0
2015/6/11,0,0,0,0
2015/6/12,4.5,2,11,7.5
2015/6/13,0,0,0,1
2015/6/14,1.5,0.5,0,0.5
2015/6/15,0,0,0,0
2015/6/16,31,0,0,0
2015/6/17,11,25.5,9.5,4
2015/6/18,0,14,10,1
2015/6/19,10.5,11.5,11.5,3
2015/6/20,0,0,0,0
2015/6/21,0.5,0,1.5,3
2015/6/22,0,0,0,0
2015/6/23,20,33,0.5,15.5
2015/6/24,0,0,0,0
2015/6/25,0,0,0,0
2015/6/26,13,13,7,7.5
2015/6/27,3,1.5,2,4
2015/6/28,0,0,2,0
2015/6/29,0,0,0,0
2015/6/30,0.5,0,1,0.5
2015/7/1,13.5,5,17,10.5
2015/7/2,2.5,0,7,3
2015/7/3,67.5,52,103,95
2015/7/4,4,4,5,14.5
2015/7/5,20,7,21.5,27
2015/7/6,14.5,12.5,34,16.5
2015/7/7,0,0,2.5,0
2015/7/8,11,6,41.5,16.5
2015/7/9,11,6,22.5,8.5
2015/7/10,0.5,0,0.5,0
2015/7/11,0,0,0,0
2015/7/12,0,0,0,0
2015/7/13,0,0,0,0
2015/7/14,0,0,0,0
2015/7/15,0,0,0.5,0
2015/7/16,63.5,114,53.5,23.5
2015/7/17,14.5,10.5,11.5,4.5
2015/7/18,0.5,0,0,0.5
2015/7/19,0,0,0,0
2015/7/20,0,0,0,0
2015/7/21,0,0,0,0
2015/7/22,0,0,0,0
2015/7/23,4.5,1.5,5,2.5
2015/7/24,7,0,0.5,0
2015/7/25,0,0,0,0
2015/7/26,0,0,0,0
2015/7/27,0,0,0,0
2015/7/28,0,0,0,0
2015/7/29,0,0,0,0
2015/7/30,0,0,0,0
2015/7/31,0,0,0,0
2015/8/1,0,0,0,0
2015/8/2,0,0,0,0
2015/8/3,0,0,0,0
2015/8/4,0,0,0,0
2015/8/5,0,0,0,0
2015/8/6,0,0,0,0
2015/8/7,0,0,0,0
2015/8/8,0,0,0,0
2015/8/9,0,0,0,0
2015/8/10,1,0.5,3.5,28.5
2015/8/11,0,0,0,0
2015/8/12,0,0,0,0
2015/8/13,1,1.5,3,1.5
2015/8/14,2,23.5,0,22
2015/8/15,0,0.5,0,0
2015/8/16,8,6,22.5,0.5
2015/8/17,33.5,52,44,41.5
2015/8/18,0,0,0,0
2015/8/19,0,0,0,0
2015/8/20,8,1,0.5,9.5
2015/8/21,2.5,0,0,0
2015/8/22,0,0,0,0
2015/8/23,0,0,0,0
2015/8/24,0,0,0,0
2015/8/25,0.5,0,3,0
2015/8/26,35.5,28.5,33.5,36.5
2015/8/27,0,0,0,0
2015/8/28,3,0,0,1.5
2015/8/29,2.5,4.5,1,2
2015/8/30,3.5,3.5,4.5,2.5
2015/8/31,2.5,1,2.5,2
2015/9/1,12,9.5,7,2.5
2015/9/2,5.5,2,13.5,7
2015/9/3,1.5,0.5,1,0.5
2015/9/4,14,0.5,14.5,9.5
2015/9/5,0,0,0,0
2015/9/6,46.5,13.5,32,20.5
2015/9/7,19,4.5,22,37.5
2015/9/8,65.5,52,77,46.5
2015/9/9,156.5,124.5,142,69
2015/9/10,50,13.5,33.5,98.5
2015/9/11,0,0,0,0
2015/9/12,0,0,0,0
2015/9/13,0,0,0,0
2015/9/14,0,0,0,0
2015/9/15,0,0,0,0
2015/9/16,4,1.5,7,3.5
2015/9/17,74.5,65,61,48
2015/9/18,5.5,3.5,27.5,8.5
2015/9/19,0,0,0,0
2015/9/20,0,0,0,0
2015/9/21,0,0,0,0
2015/9/22,0,0,0,0
2015/9/23,0,0,0,0
2015/9/24,1,1.5,1.5,0
2015/9/25,43,22.5,41.5,27.5
2015/9/26,5,5,2,2.5
2015/9/27,0,0,0,3.5
2015/9/28,0,0,0,0
2015/9/29,0,0,0,0
2015/9/30,0,0,0,0
2015/10/1,7.5,1,5,8.5
2015/10/2,22,9.5,20,15.5
2015/10/3,0,0,0,0
2015/10/4,0,0,0.5,0
2015/10/5,0,0,0.5,0
2015/10/6,0,0,0,0
2015/10/7,0,0,0,0
2015/10/8,0,0,0,0
2015/10/9,0,0,0,0
2015/10/10,0,0,2.5,1
2015/10/11,15,7,7.5,14
2015/10/12,0,0,0,0
2015/10/13,0,0,0,0
2015/10/14,0,0,0,0
2015/10/15,0.5,0,0,0
2015/10/16,7,5.5,12,9.5
2015/10/17,5,6,2.5,4
2015/10/18,0,0,0,0
2015/10/19,0,0,0,0
2015/10/20,0,0,0,0
2015/10/21,0,0,0,0
2015/10/22,0,0,0,0
2015/10/23,0,0,0,0
2015/10/24,0,0,0,0
2015/10/25,0,0,0,0
2015/10/26,0,0,0,0
2015/10/27,0,0,0,0.5
2015/10/28,0,0,1.5,0
2015/10/29,0,0,2,0
2015/10/30,0,0,0,0
2015/10/31,0,0,0,0
2015/11/1,0,0,0,0
2015/11/2,38,28.5,30,32.5
2015/11/3,0,2.5,0,0.5
2015/11/4,0,0,0,0
2015/11/5,0,0,0,0
2015/11/6,0,0,0,0
2015/11/7,0,0,0,0
2015/11/8,14,10.5,13.5,16
2015/11/9,1,0.5,2,1
2015/11/10,7.5,5.5,3.5,6
2015/11/11,0,0,0,0
2015/11/12,0,0,0,0
2015/11/13,0,0,0,0
2015/11/14,17.5,13.5,13.5,15.5
2015/11/15,8.5,4,11,10
2015/11/16,0,0.5,0.5,0
2015/11/17,3,1.5,3.5,2.5
2015/11/18,13,11,19,12
2015/11/19,7,5,5.5,8.5
2015/11/20,0,0,0,0.5
2015/11/21,0,0,0,0
2015/11/22,0,0,0,0
2015/11/23,0.5,0.5,2.5,2
2015/11/24,2,0.5,4.5,3
2015/11/25,7,7.5,6,5
2015/11/26,20.5,16,22,23.5
2015/11/27,0,0,0,0
2015/11/28,0,0,0,0
2015/11/29,0,0,0,0
2015/11/30,0,0,0,0
2015/12/1,0,0,0,0
2015/12/2,1,0,0,1
2015/12/3,1.5,0,8.5,8.5
2015/12/4,0,0,0,0
2015/12/5,0,0,0,0
2015/12/6,0,0,0,0
2015/12/7,0,0,0,0
2015/12/8,0,0,0,0
2015/12/9,0,0,0,0
2015/12/10,5.5,1.5,16.5,0
2015/12/11,64,31.5,73.5,28.5
2015/12/12,0,0,0,0
2015/12/13,1.5,2,2,1.5
2015/12/14,0,0.5,0,0.5
2015/12/15,0,0,0,0
2015/12/16,0,0,0,0
2015/12/17,0,0,0,0
2015/12/18,0,0,0,0
2015/12/19,0,0,0,0
2015/12/20,0,0,0,0
2015/12/21,0,0,0,0
2015/12/22,0,0,0,0
2015/12/23,4,2.5,5.5,3.5
2015/12/24,5,3.5,3.5,5.5
2015/12/25,0,0,0.5,0
2015/12/26,0,0,0,0
2015/12/27,0,0,0,0
2015/12/28,0,0,0,0
2015/12/29,0,0,0,0
2015/12/30,0,0,0,0
2015/12/31,0,0,0,0
2016/1/1,0,0,0,0
2016/1/2,0,0,0,0
2016/1/3,0,0,0,0
2016/1/4,0,0,0,0
2016/1/5,0,0,0,0
2016/1/6,0,0,0,0
2016/1/7,0,0,0,0
2016/1/8,0,0,0,0
2016/1/9,0,0,0,0
2016/1/10,0,0,0,0
2016/1/11,0,0,0,0
2016/1/12,0,0,0,0
2016/1/13,0,0,0,0
2016/1/14,0,0,0,0
2016/1/15,0,0,0,0
2016/1/16,0,0,0,0
2016/1/17,3,4,3.5,1.5
2016/1/18,67,47.5,45.5,57.5
2016/1/19,0,0,0,0
2016/1/20,0,0,0,0
2016/1/21,0,0,0,0
2016/1/22,0,0,0,0
2016/1/23,0,0,0,0
2016/1/24,0,0,0,0
2016/1/25,0,0,0,0
2016/1/26,0,0,0,0
2016/1/27,0,0,0,0
2016/1/28,0,0,0,0
2016/1/29,9.5,7,21,8.5
2016/1/30,5.5,2.5,3.5,4.5
2016/1/31,0,0,0,0
2016/2/1,0,0,0,0
2016/2/2,0,0,0,0
2016/2/3,0,0,0,0
2016/2/4,0,0,0,0
2016/2/5,0,0,0,0
2016/2/6,0,0.5,0,0
2016/2/7,0,1,0,0
2016/2/8,0,0,0,0
2016/2/9,0,0,0,0
2016/2/10,0,0,0,0
2016/2/11,0,0,0,0
2016/2/12,0,0,0.5,0
2016/2/13,0,0,0,0
2016/2/14,12.5,8,53,17.5
2016/2/15,0.5,0.5,0.5,7
2016/2/16,0,0,0,0
2016/2/17,0,0,0,0
2016/2/18,0,0,0,0
2016/2/19,0,0,0,0
2016/2/20,40.5,28,39.5,32
2016/2/21,0,0,0,0
2016/2/22,1.5,0,0,2
2016/2/23,0,0,0,1.5
2016/2/24,0.5,0,0,0
2016/2/25,0.5,3,0.5,0.5
2016/2/26,0,0,0,0
2016/2/27,0,0,0,0
2016/2/28,0.5,0,0.5,0
2016/2/29,0.5,0,7,2
2016/3/1,0,0,0,0.5
2016/3/2,0,0,0,0
2016/3/3,0,0,0,0
2016/3/4,0,0,0,0
2016/3/5,0,0,0,0
2016/3/6,2,0,16.5,5
2016/3/7,31.5,8,87.5,31.5
2016/3/8,0,0,0,0.5
2016/3/9,21.5,18,26.5,20
2016/3/10,0,0,0,0
2016/3/11,0,1,1,0
2016/3/12,0,0.5,0,0
2016/3/13,0,0,0,0
2016/3/14,37,23,44.5,33.5
2016/3/15,0.5,0,0.5,2
2016/3/16,0,0,0,0
2016/3/17,0,0,0,0
2016/3/18,2,1,0,0.5
2016/3/19,7.5,4,19.5,17.5
2016/3/20,0.5,0.5,0.5,0
2016/3/21,0,0,0,0
2016/3/22,0,0,0,0
2016/3/23,0,0,0,0
2016/3/24,0.5,0.5,0,0
2016/3/25,0,0,0,0.5
2016/3/26,0,0,0,0
2016/3/27,0,0,0,0
2016/3/28,0,0,10,0
2016/3/29,0,0,0,0
2016/3/30,0,0,0,0
2016/3/31,0,0,0,0
2016/4/1,2.5,0,4,0.5
2016/4/2,1.5,0,1.5,1
2016/4/3,4,2,3.5,0.5
2016/4/4,8,14,8,6.5
2016/4/5,1.5,2.5,0.5,0.5
2016/4/6,0,0,0,0
2016/4/7,33,24,43.5,38.5
2016/4/8,0,0,0,0
2016/4/9,0,0,0,0
2016/4/10,0,0,0,0
2016/4/11,0,0,0,0
2016/4/12,0,0,0,0
2016/4/13,1.5,0,6,2
2016/4/14,20,20.5,39.5,22
2016/4/15,0,0,0,0
2016/4/16,0,0,0,0
2016/4/17,6,0,1,0
2016/4/18,0.5,0,1,0.5
2016/4/19,0,0,0,0.5
2016/4/20,0,0,0,0
2016/4/21,6,1,10,5
2016/4/22,0,0,0.5,0.5
2016/4/23,0,0,0,0
2016/4/24,13.5,19,5,2
2016/4/25,0,0,0,0
2016/4/26,0,0,0,0
2016/4/27,0,0,1,0.5
2016/4/28,22,18,27.5,18
2016/4/29,0,0,1.5,0
2016/4/30,0,0,0,0
2016/5/1,0,0,0,0
2016/5/2,0,0,0,0
2016/5/3,0,0,0,0
2016/5/4,13.5,8.5,19.5,14.5
2016/5/5,0,0,0,0
2016/5/6,2.5,1.5,0.5,3
2016/5/7,0,0,0,0
2016/5/8,0,0,0,0
2016/5/9,19,10,18.5,17
2016/5/10,6,4,4.5,17.5
2016/5/11,5.5,1.5,13.5,7
2016/5/12,0,0,0,0
2016/5/13,0,0,0,0
2016/5/14,0,0,0,0
2016/5/15,0,0,0,0
2016/5/16,0,0,0,0
2016/5/17,31.5,17,29,32
2016/5/18,0,0,0,0
2016/5/19,0,0,0,0
2016/5/20,0,0,0,0
2016/5/21,0,0,1.5,1
2016/5/22,0,0,0,0
2016/5/23,0,0,0,0
2016/5/24,0,0,0,0
2016/5/25,0,0,0,0
2016/5/26,0,0,0,0
2016/5/27,36.5,3.5,19.5,37.5
2016/5/28,0,0,0,0
2016/5/29,0,0,0,0
2016/5/30,23,12.5,22.5,15.5
2016/5/31,0,0,0,0
2016/6/1,0,0,1,0
2016/6/2,0,0,0,0
2016/6/3,0,0,0,0
2016/6/4,0,0,0,0
2016/6/5,3,0,6.5,2
2016/6/6,0,0,0,0
2016/6/7,0.5,0,1.5,0
2016/6/8,0,0,3,0
2016/6/9,6.5,5.5,10.5,14
2016/6/10,0,0,0,0.5
2016/6/11,0,0,0,0
2016/6/12,0,0,0,0
2016/6/13,98.5,58,78.5,88.5
2016/6/14,0,0,0,0
2016/6/15,0,0,0,0
2016/6/16,7.5,5,6.5,5
2016/6/17,2.5,1,1,2
2016/6/18,0,0,0,0
2016/6/19,5,0.5,6,2
2016/6/20,4,1,1.5,0
2016/6/21,10,3.5,13.5,4
2016/6/22,0.5,0,0,1
2016/6/23,9.5,6,15.5,9.5
2016/6/24,1.5,2.5,0,2.5
2016/6/25,1,0,1.5,4
2016/6/26,0,0,0,0
2016/6/27,0,0,0,0
2016/6/28,23,13,24,16.5
2016/6/29,0.5,1,5,0
2016/6/30,1,0.5,0,0
2016/7/1,0,0,0,0
2016/7/2,0,0,0,0
2016/7/3,0,0,0,0
2016/7/4,1.5,0,26.5,0
2016/7/5,0,0,0,0
2016/7/6,0,0,0,0
2016/7/7,0,0,0,0
2016/7/8,0,0,0,0
2016/7/9,12.5,6,17.5,14
2016/7/10,0,0,0,0
2016/7/11,0,0,0,0
2016/7/12,0,0,0,0
2016/7/13,2,0.5,1,3
2016/7/14,21,15.5,61,9.5
2016/7/15,5.5,3,110,6.5
2016/7/16,0,0,0,0
2016/7/17,0,0,0,0
2016/7/18,0,2,0,0
2016/7/19,5,0,0,0
2016/7/20,1,7,2.5,4
2016/7/21,28.5,11.5,61.5,9
2016/7/22,3.5,4,9,1.5
2016/7/23,0,0,0,0
2016/7/24,0,0,0,0
2016/7/25,0,0,0,0
2016/7/26,1,2,1,0
2016/7/27,0,0,0,0.5
2016/7/28,0,0,0,0
2016/7/29,0,0,0,0
2016/7/30,0,0,0,0
2016/7/31,0,0.5,0,0
2016/8/1,2,7,1,0
2016/8/2,27,0,4.5,52
2016/8/3,16,10,4,0
2016/8/4,0,0.5,0,0
2016/8/5,0,0,0,0
2016/8/6,0,0,0,0
2016/8/7,0,0,0,0
2016/8/8,0,0,0,0
2016/8/9,0,0,0,0
2016/8/10,0,0,0,0
2016/8/11,0,0,0,0
2016/8/12,0,0,0,0
2016/8/13,0,0,0,0
2016/8/14,0,0,0,0
2016/8/15,0.5,3,0,0
2016/8/16,33,18,33.5,15.5
2016/8/17,14,8,9.5,25.5
2016/8/18,67,71.5,4.5,24
2016/8/19,5,4,0,1
2016/8/20,82,53,18.5,62
2016/8/21,0,0,0,0
2016/8/22,106.5,151,104,95
2016/8/23,0.5,1.5,0,0
2016/8/24,0,0,5.5,1
2016/8/25,0,0,0,0
2016/8/26,0,0,0,0
2016/8/27,2,21,2.5,0
2016/8/28,2,9,10.5,0.5
2016/8/29,16,19.5,2.5,8
2016/8/30,40.5,20.5,20,18.5
2016/8/31,0,0,0,0
2016/9/1,0,0,0,0
2016/9/2,0,0,0,0
2016/9/3,0,0,2,2.5
2016/9/4,3,3,12,0.5
2016/9/5,0,0,0,0
2016/9/6,0,0,0,0
2016/9/7,4.5,0.5,3.5,5.5
2016/9/8,11.5,39.5,0.5,4
2016/9/9,0,6,0,0
2016/9/10,0,0,0,0
2016/9/11,5,0,16.5,11.5
2016/9/12,0,0,0,0
2016/9/13,34.5,34.5,57.5,38.5
2016/9/14,0,0,9,0
2016/9/15,24,7,5,13
2016/9/16,3.5,0,0.5,0.5
2016/9/17,0,0,0,0
2016/9/18,2,4.5,0.5,1
2016/9/19,21.5,13,19.5,25.5
2016/9/20,91.5,68.5,112,73
2016/9/21,0,0,0,0.5
2016/9/22,56.5,28.5,52.5,41
2016/9/23,16.5,8.5,17,11
2016/9/24,10.5,2.5,5,2
2016/9/25,0,0,0,0
2016/9/26,0,0,0,0
2016/9/27,0,0,0,0
2016/9/28,0,0,0,0
2016/9/29,0,0.5,0,0
2016/9/30,2.5,0,1,0
2016/10/1,1.5,0,2,2.5
2016/10/2,0,0,0,0
2016/10/3,2,1,3.5,6
2016/10/4,0,0,0,0
2016/10/5,0.5,0,0.5,0.5
2016/10/6,0,0,0,0
2016/10/7,0,0,0,0
2016/10/8,10,14.5,12,6.5
2016/10/9,32.5,6.5,6.5,31.5
2016/10/10,0,0,0,0
2016/10/11,0,0,0,0
2016/10/12,0,0,0,0
2016/10/13,0,0,0,0
2016/10/14,0,0,0,0
2016/10/15,0,0,0,0
2016/10/16,0,0,0,0
2016/10/17,24,10.5,13.5,27.5
2016/10/18,6,0,3.5,0
2016/10/19,0,0,0,0
2016/10/20,0,0,0,0
2016/10/21,0,0,0,0
2016/10/22,0,0,0,0
2016/10/23,0,0,0,0
2016/10/24,0,0,0,0
2016/10/25,1,0.5,3,0
2016/10/26,0,0,0,0
2016/10/27,0,0,0,0
2016/10/28,18,8.5,20,19.5
2016/10/29,0,0,1,0
2016/10/30,1,0,1,0.5
2016/10/31,0,0,0,0
2016/11/1,10,5,9.5,10.5
2016/11/2,1.5,1,2.5,1
2016/11/3,3,0.5,0.5,1.5
2016/11/4,0,0,0,0
2016/11/5,0,0,0,0
2016/11/6,0,0,0,0
2016/11/7,0,0,0,0
2016/11/8,2,1,3.5,3
2016/11/9,5,1.5,5,6.5
2016/11/10,0,0,0,0
2016/11/11,49,40.5,47,61
2016/11/12,0,0,0,0
2016/11/13,0,0,0,0
2016/11/14,6,7.5,3.5,6.5
2016/11/15,0,1,0.5,0
2016/11/16,0,0,0,0
2016/11/17,0,0,0,0
2016/11/18,0,0,0,0
2016/11/19,18,10,24,17
2016/11/20,0,0,0,0
2016/11/21,2.5,6.5,1.5,0
2016/11/22,2,0.5,12.5,3.5
2016/11/23,0,0,1,0.5
2016/11/24,23,18,21,26
2016/11/25,0,0,0,0
2016/11/26,0,0,0,0
2016/11/27,9.5,6,10,7
2016/11/28,7.5,6.5,6,8.5
2016/11/29,0,0,0,0
2016/11/30,0,0,0,0
2016/12/1,10.5,12.5,18.5,9
2016/12/2,0,0,0,0
2016/12/3,0,0,0,0
2016/12/4,2.5,1.5,0.5,1.5
2016/12/5,1.5,2,2.5,1
2016/12/6,0,0,0,0
2016/12/7,0,0,0,0
2016/12/8,0,0,0,0
2016/12/9,0,0,0,0
2016/12/10,0,0,0,0
2016/12/11,0,0,0,0
2016/12/12,0,0,0,0
2016/12/13,3,2.5,4.5,2.5
2016/12/14,37,30,39,38.5
2016/12/15,0,0,0,0
2016/12/16,0,0,0,0
2016/12/17,0,0,0,0
2016/12/18,0,0,0,0
2016/12/19,0,0,0,0
2016/12/20,0,0,0,0
2016/12/21,0,0,0,0
2016/12/22,10.5,9.5,13.5,5.5
2016/12/23,7.5,13.5,7.5,6
2016/12/24,0,0,0,0
2016/12/25,0,0,0,0
2016/12/26,0,0,0,0
2016/12/27,11.5,5.5,4.5,17
2016/12/28,0,0,0,0
2016/12/29,0,0,0,0
2016/12/30,0,0,0,0
2016/12/31,0,0,0,0
2017/1/1,0,0,0,0
2017/1/2,0,0,0,0
2017/1/3,0,0,0,0
2017/1/4,0,0,0,0
2017/1/5,0,0,0,0
2017/1/6,0,0,0,0
2017/1/7,0,0,0,0
2017/1/8,20.5,11.5,19.5,23
2017/1/9,5.5,6.5,4.5,12.5
2017/1/10,0,0,0,0
2017/1/11,0,0,0,0
2017/1/12,0,0,0,0
2017/1/13,0,0,0,0
2017/1/14,0,0,0,0
2017/1/15,0,0,0,0
2017/1/16,0,0,0,0
2017/1/17,0,0,0,0
2017/1/18,0,0,0,0
2017/1/19,0,0,0,0
2017/1/20,0,0,0,1
2017/1/21,0,0,0,0
2017/1/22,0,0,0,0
2017/1/23,0,0,0,0
2017/1/24,0,0,0,0
2017/1/25,0,0,0,0
2017/1/26,0,0,0,0
2017/1/27,0,0,0,0
2017/1/28,0,0,0,0
2017/1/29,0,0,0,0
2017/1/30,0,0,0.5,0
2017/1/31,0,0,0,0
2017/2/1,0,0,0,0
2017/2/2,0,0,0,0
2017/2/3,0,0,0,0
2017/2/4,0,0,0,0
2017/2/5,0,0,1,0
2017/2/6,0,0,0.5,0
2017/2/7,0,0,0,0
2017/2/8,0,0,0,0
2017/2/9,8,7,5,7.5
2017/2/10,0.5,0,1,0.5
2017/2/11,0,0,0,0
2017/2/12,0,0,0,0
2017/2/13,0,0,0,0
2017/2/14,0,0,0,0
2017/2/15,0,0,0,0
2017/2/16,0,0,0,0
2017/2/17,0,0,0,0
2017/2/18,0,0,0,0
2017/2/19,0,0,0,0
2017/2/20,6.5,6,3.5,21
2017/2/21,0,0,0,0
2017/2/22,0,0,0,0
2017/2/23,0.5,0,4,1.5
2017/2/24,0,0,0,0
2017/2/25,0,0,0,0
2017/2/26,0,0,0,0
2017/2/27,0,0,0,0
2017/2/28,0,0,0,0
2017/3/1,4.5,3.5,10,3.5
2017/3/2,9.5,4.5,10.5,12.5
2017/3/3,0,0,1,0
2017/3/4,0,0,0,0
2017/3/5,0,0,0,0
2017/3/6,1,0,9,4
2017/3/7,0.5,0,0,2
2017/3/8,0,0,0,0
2017/3/9,0,0,0,0
2017/3/10,0,0,0,0
2017/3/11,0,0,0,0
2017/3/12,0,0,0,0
2017/3/13,0.5,0,2,0
2017/3/14,2.5,2.5,2,3
2017/3/15,1,1.5,0,6.5
2017/3/16,0,0,0,0
2017/3/17,0,0,0,0
2017/3/18,0,0,0,0
2017/3/19,0,0,0,0
2017/3/20,0,0,0,0
2017/3/21,25.5,19,20.5,14.5
2017/3/22,0,0,0,0
2017/3/23,0,0,0,0
2017/3/24,0,0,0,0
2017/3/25,0,0,0,0
2017/3/26,12.5,10,11.5,11
2017/3/27,21.5,25.5,14.5,29.5
2017/3/28,0,0,0,0
2017/3/29,0,0,0,0
2017/3/30,0,0,0,0
2017/3/31,6.5,3.5,9.5,6
