datetime,y,client,close,price_am,price_pm,Month,Day,DayOfWeek,WeekOfYear,DayOfYear,Quarter,JpHoliday
2010-07-01,17,0,0,1,0,7,1,3,26,182,3,0
2010-07-02,18,0,0,0,0,7,2,4,26,183,3,0
2010-07-03,20,0,0,1,1,7,3,5,26,184,3,0
2010-07-04,20,0,0,1,1,7,4,6,26,185,3,0
2010-07-05,14,0,0,0,0,7,5,0,27,186,3,0
2010-07-06,14,0,0,0,0,7,6,1,27,187,3,0
2010-07-07,4,0,0,0,0,7,7,2,27,188,3,0
2010-07-08,10,0,0,0,0,7,8,3,27,189,3,0
2010-07-09,12,0,0,0,0,7,9,4,27,190,3,0
2010-07-10,21,0,0,1,1,7,10,5,27,191,3,0
2010-07-11,15,0,0,1,0,7,11,6,27,192,3,0
2010-07-12,11,0,0,0,0,7,12,0,28,193,3,0
2010-07-13,8,0,0,0,0,7,13,1,28,194,3,0
2010-07-14,13,0,0,0,0,7,14,2,28,195,3,0
2010-07-15,8,0,0,0,0,7,15,3,28,196,3,0
2010-07-16,16,0,0,0,0,7,16,4,28,197,3,0
2010-07-17,23,0,0,2,1,7,17,5,28,198,3,0
2010-07-18,25,0,0,1,1,7,18,6,28,199,3,0
2010-07-19,18,0,0,1,0,7,19,0,29,200,3,1
2010-07-20,21,0,0,0,0,7,20,1,29,201,3,0
2010-07-21,9,0,0,0,0,7,21,2,29,202,3,0
2010-07-22,8,0,0,0,0,7,22,3,29,203,3,0
2010-07-23,12,0,0,1,0,7,23,4,29,204,3,0
2010-07-24,23,0,0,2,1,7,24,5,29,205,3,0
2010-07-25,18,0,0,2,1,7,25,6,29,206,3,0
2010-07-26,18,0,0,1,0,7,26,0,30,207,3,0
2010-07-27,14,0,0,1,0,7,27,1,30,208,3,0
2010-07-28,18,0,0,1,1,7,28,2,30,209,3,0
2010-07-29,19,0,0,1,1,7,29,3,30,210,3,0
2010-07-30,15,0,0,1,1,7,30,4,30,211,3,0
2010-07-31,18,0,0,2,2,7,31,5,30,212,3,0
2010-08-01,20,0,0,1,1,8,1,6,30,213,3,0
2010-08-02,17,0,0,0,0,8,2,0,31,214,3,0
2010-08-03,15,0,0,0,0,8,3,1,31,215,3,0
2010-08-04,14,0,0,0,0,8,4,2,31,216,3,0
2010-08-05,15,0,0,0,0,8,5,3,31,217,3,0
2010-08-06,17,0,0,0,0,8,6,4,31,218,3,0
2010-08-07,18,0,0,1,1,8,7,5,31,219,3,0
2010-08-08,20,0,0,1,0,8,8,6,31,220,3,0
2010-08-09,11,0,0,0,0,8,9,0,32,221,3,0
2010-08-10,13,0,0,0,0,8,10,1,32,222,3,0
2010-08-11,15,0,0,0,0,8,11,2,32,223,3,0
2010-08-12,15,0,0,0,0,8,12,3,32,224,3,0
2010-08-13,15,0,0,0,0,8,13,4,32,225,3,0
2010-08-14,18,0,0,0,0,8,14,5,32,226,3,0
2010-08-15,12,0,0,0,0,8,15,6,32,227,3,0
2010-08-16,18,0,0,0,0,8,16,0,33,228,3,0
2010-08-17,15,0,0,0,0,8,17,1,33,229,3,0
2010-08-18,0,0,0,0,0,8,18,2,33,230,3,0
2010-08-19,17,0,0,0,0,8,19,3,33,231,3,0
2010-08-20,15,0,0,0,0,8,20,4,33,232,3,0
2010-08-21,19,0,0,1,1,8,21,5,33,233,3,0
2010-08-22,18,0,0,1,0,8,22,6,33,234,3,0
2010-08-23,19,0,0,0,0,8,23,0,34,235,3,0
2010-08-24,11,0,0,0,0,8,24,1,34,236,3,0
2010-08-25,13,0,0,0,0,8,25,2,34,237,3,0
2010-08-26,20,0,0,0,0,8,26,3,34,238,3,0
2010-08-27,20,0,0,1,0,8,27,4,34,239,3,0
2010-08-28,27,0,0,2,1,8,28,5,34,240,3,0
2010-08-29,23,0,0,1,1,8,29,6,34,241,3,0
2010-08-30,24,0,0,1,0,8,30,0,35,242,3,0
2010-08-31,18,0,0,1,0,8,31,1,35,243,3,0
2010-09-01,19,0,0,1,1,9,1,2,35,244,3,0
2010-09-02,16,0,0,1,0,9,2,3,35,245,3,0
2010-09-03,13,0,0,1,0,9,3,4,35,246,3,0
2010-09-04,15,0,0,1,1,9,4,5,35,247,3,0
2010-09-05,21,0,0,1,1,9,5,6,35,248,3,0
2010-09-06,11,0,0,0,0,9,6,0,36,249,3,0
2010-09-07,19,0,0,0,0,9,7,1,36,250,3,0
2010-09-08,9,0,0,0,0,9,8,2,36,251,3,0
2010-09-09,4,0,0,0,0,9,9,3,36,252,3,0
2010-09-10,9,0,0,0,0,9,10,4,36,253,3,0
2010-09-11,13,0,0,1,1,9,11,5,36,254,3,0
2010-09-12,12,0,0,1,1,9,12,6,36,255,3,0
2010-09-13,11,0,0,0,0,9,13,0,37,256,3,0
2010-09-14,10,0,0,0,0,9,14,1,37,257,3,0
2010-09-15,14,0,0,0,0,9,15,2,37,258,3,0
2010-09-16,7,0,0,0,0,9,16,3,37,259,3,0
2010-09-17,19,0,0,0,0,9,17,4,37,260,3,0
2010-09-18,19,0,0,1,1,9,18,5,37,261,3,0
2010-09-19,13,0,0,1,1,9,19,6,37,262,3,0
2010-09-20,16,0,0,1,0,9,20,0,38,263,3,1
2010-09-21,18,0,0,0,0,9,21,1,38,264,3,0
2010-09-22,12,0,0,0,0,9,22,2,38,265,3,0
2010-09-23,32,0,0,1,0,9,23,3,38,266,3,1
2010-09-24,30,0,0,1,1,9,24,4,38,267,3,0
2010-09-25,24,0,0,2,2,9,25,5,38,268,3,0
2010-09-26,26,0,0,2,1,9,26,6,38,269,3,0
2010-09-27,17,0,0,1,0,9,27,0,39,270,3,0
2010-09-28,23,0,0,1,0,9,28,1,39,271,3,0
2010-09-29,15,0,0,1,0,9,29,2,39,272,3,0
2010-09-30,27,0,0,1,1,9,30,3,39,273,3,0
2010-10-01,24,0,0,1,0,10,1,4,39,274,4,0
2010-10-02,18,0,0,2,1,10,2,5,39,275,4,0
2010-10-03,16,0,0,1,1,10,3,6,39,276,4,0
2010-10-04,10,0,0,0,0,10,4,0,40,277,4,0
2010-10-05,13,0,0,0,0,10,5,1,40,278,4,0
2010-10-06,3,0,0,0,0,10,6,2,40,279,4,0
2010-10-07,7,0,0,0,0,10,7,3,40,280,4,0
2010-10-08,11,0,0,0,0,10,8,4,40,281,4,0
2010-10-09,17,0,0,1,1,10,9,5,40,282,4,0
2010-10-10,18,0,0,1,1,10,10,6,40,283,4,0
2010-10-11,7,0,0,1,0,10,11,0,41,284,4,1
2010-10-12,8,0,0,0,0,10,12,1,41,285,4,0
2010-10-13,8,0,0,0,0,10,13,2,41,286,4,0
2010-10-14,13,0,0,0,0,10,14,3,41,287,4,0
2010-10-15,9,0,0,0,0,10,15,4,41,288,4,0
2010-10-16,17,0,0,1,1,10,16,5,41,289,4,0
2010-10-17,12,0,0,1,0,10,17,6,41,290,4,0
2010-10-18,11,0,0,0,0,10,18,0,42,291,4,0
2010-10-19,6,0,0,0,0,10,19,1,42,292,4,0
2010-10-20,12,0,0,0,0,10,20,2,42,293,4,0
2010-10-21,3,0,0,0,0,10,21,3,42,294,4,0
2010-10-22,7,0,0,0,0,10,22,4,42,295,4,0
2010-10-23,21,0,0,2,1,10,23,5,42,296,4,0
2010-10-24,20,0,0,1,1,10,24,6,42,297,4,0
2010-10-25,13,0,0,1,0,10,25,0,43,298,4,0
2010-10-26,12,0,0,0,0,10,26,1,43,299,4,0
2010-10-27,13,0,0,0,0,10,27,2,43,300,4,0
2010-10-28,18,0,0,1,0,10,28,3,43,301,4,0
2010-10-29,26,0,0,1,1,10,29,4,43,302,4,0
2010-10-30,29,0,0,2,2,10,30,5,43,303,4,0
2010-10-31,23,0,0,2,1,10,31,6,43,304,4,0
2010-11-01,16,0,0,1,1,11,1,0,44,305,4,0
2010-11-02,12,0,0,0,0,11,2,1,44,306,4,0
2010-11-03,15,0,0,1,1,11,3,2,44,307,4,1
2010-11-04,11,0,0,0,0,11,4,3,44,308,4,0
2010-11-05,13,0,0,0,0,11,5,4,44,309,4,0
2010-11-06,17,0,0,1,1,11,6,5,44,310,4,0
2010-11-07,13,0,0,1,0,11,7,6,44,311,4,0
2010-11-08,8,0,0,0,0,11,8,0,45,312,4,0
2010-11-09,7,0,0,0,0,11,9,1,45,313,4,0
2010-11-10,11,0,0,0,0,11,10,2,45,314,4,0
2010-11-11,11,0,0,0,0,11,11,3,45,315,4,0
2010-11-12,15,0,0,0,0,11,12,4,45,316,4,0
2010-11-13,16,0,0,1,1,11,13,5,45,317,4,0
2010-11-14,19,0,0,0,0,11,14,6,45,318,4,0
2010-11-15,21,0,0,0,0,11,15,0,46,319,4,0
2010-11-16,14,0,0,0,0,11,16,1,46,320,4,0
2010-11-17,11,0,0,0,0,11,17,2,46,321,4,0
2010-11-18,9,0,0,0,0,11,18,3,46,322,4,0
2010-11-19,25,0,0,0,0,11,19,4,46,323,4,0
2010-11-20,24,0,0,1,1,11,20,5,46,324,4,0
2010-11-21,22,0,0,1,0,11,21,6,46,325,4,0
2010-11-22,22,0,0,0,0,11,22,0,47,326,4,0
2010-11-23,16,0,0,0,0,11,23,1,47,327,4,1
2010-11-24,14,0,0,0,0,11,24,2,47,328,4,0
2010-11-25,18,0,0,0,0,11,25,3,47,329,4,0
2010-11-26,22,0,0,1,0,11,26,4,47,330,4,0
2010-11-27,26,0,0,2,1,11,27,5,47,331,4,0
2010-11-28,22,0,0,1,1,11,28,6,47,332,4,0
2010-11-29,22,0,0,1,0,11,29,0,48,333,4,0
2010-11-30,21,0,0,1,0,11,30,1,48,334,4,0
2010-12-01,23,0,0,1,1,12,1,2,48,335,4,0
2010-12-02,14,0,0,1,0,12,2,3,48,336,4,0
2010-12-03,18,0,0,0,0,12,3,4,48,337,4,0
2010-12-04,27,0,0,1,1,12,4,5,48,338,4,0
2010-12-05,16,0,0,1,1,12,5,6,48,339,4,0
2010-12-06,17,0,0,0,0,12,6,0,49,340,4,0
2010-12-07,12,0,0,0,0,12,7,1,49,341,4,0
2010-12-08,13,0,0,0,0,12,8,2,49,342,4,0
2010-12-09,12,0,0,0,0,12,9,3,49,343,4,0
2010-12-10,19,0,0,0,0,12,10,4,49,344,4,0
2010-12-11,14,0,0,1,1,12,11,5,49,345,4,0
2010-12-12,23,0,0,1,0,12,12,6,49,346,4,0
2010-12-13,16,0,0,0,0,12,13,0,50,347,4,0
2010-12-14,13,0,0,0,0,12,14,1,50,348,4,0
2010-12-15,21,0,0,0,0,12,15,2,50,349,4,0
2010-12-16,17,0,0,0,0,12,16,3,50,350,4,0
2010-12-17,21,0,0,0,0,12,17,4,50,351,4,0
2010-12-18,23,0,0,1,1,12,18,5,50,352,4,0
2010-12-19,27,0,0,1,1,12,19,6,50,353,4,0
2010-12-20,23,0,0,1,0,12,20,0,51,354,4,0
2010-12-21,22,0,0,0,0,12,21,1,51,355,4,0
2010-12-22,21,0,0,0,0,12,22,2,51,356,4,0
2010-12-23,18,0,0,1,0,12,23,3,51,357,4,1
2010-12-24,29,0,0,1,1,12,24,4,51,358,4,0
2010-12-25,28,0,0,2,2,12,25,5,51,359,4,0
2010-12-26,26,0,0,1,2,12,26,6,51,360,4,0
2010-12-27,26,0,0,1,0,12,27,0,52,361,4,0
2010-12-28,18,0,0,1,0,12,28,1,52,362,4,0
2010-12-29,23,0,0,0,0,12,29,2,52,363,4,0
2010-12-30,15,0,0,1,0,12,30,3,52,364,4,0
2010-12-31,0,0,1,-1,-1,12,31,4,52,365,4,0
2011-01-01,0,0,1,-1,-1,1,1,5,52,1,1,1
2011-01-02,0,0,1,-1,-1,1,2,6,52,2,1,0
2011-01-03,0,0,1,-1,-1,1,3,0,1,3,1,0
2011-01-04,16,0,0,0,0,1,4,1,1,4,1,0
2011-01-05,16,0,0,0,0,1,5,2,1,5,1,0
2011-01-06,13,0,0,0,0,1,6,3,1,6,1,0
2011-01-07,14,0,0,0,0,1,7,4,1,7,1,0
2011-01-08,16,0,0,0,0,1,8,5,1,8,1,0
2011-01-09,16,0,0,0,0,1,9,6,1,9,1,0
2011-01-10,14,0,0,0,0,1,10,0,2,10,1,1
2011-01-11,13,0,0,0,0,1,11,1,2,11,1,0
2011-01-12,5,0,0,0,0,1,12,2,2,12,1,0
2011-01-13,9,0,0,0,0,1,13,3,2,13,1,0
2011-01-14,14,0,0,0,0,1,14,4,2,14,1,0
2011-01-15,19,0,0,0,0,1,15,5,2,15,1,0
2011-01-16,22,0,0,0,0,1,16,6,2,16,1,0
2011-01-17,12,0,0,0,0,1,17,0,3,17,1,0
2011-01-18,11,0,0,0,0,1,18,1,3,18,1,0
2011-01-19,6,0,0,0,0,1,19,2,3,19,1,0
2011-01-20,7,0,0,0,0,1,20,3,3,20,1,0
2011-01-21,14,0,0,0,0,1,21,4,3,21,1,0
2011-01-22,17,0,0,1,0,1,22,5,3,22,1,0
2011-01-23,18,0,0,0,0,1,23,6,3,23,1,0
2011-01-24,12,0,0,0,0,1,24,0,4,24,1,0
2011-01-25,15,0,0,0,0,1,25,1,4,25,1,0
2011-01-26,13,0,0,0,0,1,26,2,4,26,1,0
2011-01-27,18,0,0,1,1,1,27,3,4,27,1,0
2011-01-28,16,0,0,1,1,1,28,4,4,28,1,0
2011-01-29,23,0,0,2,1,1,29,5,4,29,1,0
2011-01-30,28,0,0,2,1,1,30,6,4,30,1,0
2011-01-31,23,0,0,1,0,1,31,0,5,31,1,0
2011-02-01,22,0,0,1,1,2,1,1,5,32,1,0
2011-02-02,14,0,0,1,1,2,2,2,5,33,1,0
2011-02-03,12,0,0,0,0,2,3,3,5,34,1,0
2011-02-04,16,0,0,0,0,2,4,4,5,35,1,0
2011-02-05,24,0,0,1,1,2,5,5,5,36,1,0
2011-02-06,17,0,0,1,1,2,6,6,5,37,1,0
2011-02-07,15,0,0,0,0,2,7,0,6,38,1,0
2011-02-08,7,0,0,0,0,2,8,1,6,39,1,0
2011-02-09,9,0,0,0,0,2,9,2,6,40,1,0
2011-02-10,21,0,0,0,0,2,10,3,6,41,1,0
2011-02-11,29,0,0,2,1,2,11,4,6,42,1,1
2011-02-12,21,0,0,2,1,2,12,5,6,43,1,0
2011-02-13,25,0,0,1,1,2,13,6,6,44,1,0
2011-02-14,8,0,0,0,0,2,14,0,7,45,1,0
2011-02-15,13,0,0,0,0,2,15,1,7,46,1,0
2011-02-16,10,0,0,0,0,2,16,2,7,47,1,0
2011-02-17,17,0,0,0,0,2,17,3,7,48,1,0
2011-02-18,22,0,0,1,0,2,18,4,7,49,1,0
2011-02-19,25,0,0,2,2,2,19,5,7,50,1,0
2011-02-20,24,0,0,2,1,2,20,6,7,51,1,0
2011-02-21,26,0,0,0,0,2,21,0,8,52,1,0
2011-02-22,15,0,0,1,0,2,22,1,8,53,1,0
2011-02-23,21,0,0,1,0,2,23,2,8,54,1,0
2011-02-24,23,0,0,1,1,2,24,3,8,55,1,0
2011-02-25,29,0,0,2,1,2,25,4,8,56,1,0
2011-02-26,32,0,0,3,2,2,26,5,8,57,1,0
2011-02-27,33,0,0,2,2,2,27,6,8,58,1,0
2011-02-28,30,0,0,2,1,2,28,0,9,59,1,0
2011-03-01,28,0,0,1,1,3,1,1,9,60,1,0
2011-03-02,21,0,0,0,0,3,2,2,9,61,1,0
2011-03-03,20,0,0,0,0,3,3,3,9,62,1,0
2011-03-04,12,0,0,1,1,3,4,4,9,63,1,0
2011-03-05,27,0,0,2,1,3,5,5,9,64,1,0
2011-03-06,21,0,0,1,1,3,6,6,9,65,1,0
2011-03-07,22,0,0,0,0,3,7,0,10,66,1,0
2011-03-08,21,0,0,0,0,3,8,1,10,67,1,0
2011-03-09,15,0,0,0,0,3,9,2,10,68,1,0
2011-03-10,21,0,0,0,0,3,10,3,10,69,1,0
2011-03-11,17,0,0,0,0,3,11,4,10,70,1,0
2011-03-12,25,0,0,2,2,3,12,5,10,71,1,0
2011-03-13,17,0,0,2,1,3,13,6,10,72,1,0
2011-03-14,27,0,0,1,1,3,14,0,11,73,1,0
2011-03-15,31,0,0,1,1,3,15,1,11,74,1,0
2011-03-16,34,0,0,2,2,3,16,2,11,75,1,0
2011-03-17,34,0,0,2,2,3,17,3,11,76,1,0
2011-03-18,42,0,0,2,2,3,18,4,11,77,1,0
2011-03-19,40,0,0,3,3,3,19,5,11,78,1,0
2011-03-20,41,0,0,5,3,3,20,6,11,79,1,0
2011-03-21,39,0,0,3,2,3,21,0,12,80,1,1
2011-03-22,39,0,0,3,3,3,22,1,12,81,1,0
2011-03-23,37,0,0,5,4,3,23,2,12,82,1,0
2011-03-24,36,0,0,5,3,3,24,3,12,83,1,0
2011-03-25,35,0,0,4,5,3,25,4,12,84,1,0
2011-03-26,40,0,0,5,5,3,26,5,12,85,1,0
2011-03-27,35,0,0,5,4,3,27,6,12,86,1,0
2011-03-28,49,0,0,3,2,3,28,0,13,87,1,0
2011-03-29,37,0,0,3,2,3,29,1,13,88,1,0
2011-03-30,38,0,0,4,3,3,30,2,13,89,1,0
2011-03-31,34,0,0,4,4,3,31,3,13,90,1,0
2011-04-01,48,0,0,4,2,4,1,4,13,91,2,0
2011-04-02,29,0,0,5,4,4,2,5,13,92,2,0
2011-04-03,28,0,0,3,3,4,3,6,13,93,2,0
2011-04-04,23,0,0,2,1,4,4,0,14,94,2,0
2011-04-05,25,0,0,1,1,4,5,1,14,95,2,0
2011-04-06,31,0,0,0,0,4,6,2,14,96,2,0
2011-04-07,28,0,0,0,0,4,7,3,14,97,2,0
2011-04-08,37,0,0,0,0,4,8,4,14,98,2,0
2011-04-09,39,0,0,3,2,4,9,5,14,99,2,0
2011-04-10,29,0,0,2,1,4,10,6,14,100,2,0
2011-04-11,14,0,0,0,0,4,11,0,15,101,2,0
2011-04-12,13,0,0,0,0,4,12,1,15,102,2,0
2011-04-13,10,0,0,0,0,4,13,2,15,103,2,0
2011-04-14,16,0,0,0,0,4,14,3,15,104,2,0
2011-04-15,32,0,0,0,0,4,15,4,15,105,2,0
2011-04-16,25,0,0,2,2,4,16,5,15,106,2,0
2011-04-17,24,0,0,2,1,4,17,6,15,107,2,0
2011-04-18,16,0,0,0,0,4,18,0,16,108,2,0
2011-04-19,16,0,0,0,0,4,19,1,16,109,2,0
2011-04-20,11,0,0,0,0,4,20,2,16,110,2,0
2011-04-21,7,0,0,0,0,4,21,3,16,111,2,0
2011-04-22,25,0,0,1,1,4,22,4,16,112,2,0
2011-04-23,26,0,0,3,2,4,23,5,16,113,2,0
2011-04-24,24,0,0,2,1,4,24,6,16,114,2,0
2011-04-25,19,0,0,1,1,4,25,0,17,115,2,0
2011-04-26,29,0,0,1,1,4,26,1,17,116,2,0
2011-04-27,20,0,0,1,1,4,27,2,17,117,2,0
2011-04-28,23,0,0,1,1,4,28,3,17,118,2,0
2011-04-29,22,0,0,2,1,4,29,4,17,119,2,1
2011-04-30,21,0,0,3,3,4,30,5,17,120,2,0
2011-05-01,19,0,0,1,1,5,1,6,17,121,2,0
2011-05-02,21,0,0,1,0,5,2,0,18,122,2,0
2011-05-03,15,0,0,2,1,5,3,1,18,123,2,1
2011-05-04,18,0,0,1,0,5,4,2,18,124,2,1
2011-05-05,15,0,0,1,0,5,5,3,18,125,2,1
2011-05-06,18,0,0,0,0,5,6,4,18,126,2,0
2011-05-07,14,0,0,1,0,5,7,5,18,127,2,0
2011-05-08,6,0,0,0,0,5,8,6,18,128,2,0
2011-05-09,11,0,0,0,0,5,9,0,19,129,2,0
2011-05-10,7,0,0,0,0,5,10,1,19,130,2,0
2011-05-11,6,0,0,0,0,5,11,2,19,131,2,0
2011-05-12,11,0,0,0,0,5,12,3,19,132,2,0
2011-05-13,5,0,0,0,0,5,13,4,19,133,2,0
2011-05-14,21,0,0,1,1,5,14,5,19,134,2,0
2011-05-15,20,0,0,1,0,5,15,6,19,135,2,0
2011-05-16,17,0,0,0,0,5,16,0,20,136,2,0
2011-05-17,7,0,0,0,0,5,17,1,20,137,2,0
2011-05-18,11,0,0,0,0,5,18,2,20,138,2,0
2011-05-19,10,0,0,0,0,5,19,3,20,139,2,0
2011-05-20,16,0,0,1,0,5,20,4,20,140,2,0
2011-05-21,22,0,0,1,1,5,21,5,20,141,2,0
2011-05-22,21,0,0,1,1,5,22,6,20,142,2,0
2011-05-23,13,0,0,0,0,5,23,0,21,143,2,0
2011-05-24,10,0,0,0,0,5,24,1,21,144,2,0
2011-05-25,14,0,0,0,0,5,25,2,21,145,2,0
2011-05-26,18,0,0,0,0,5,26,3,21,146,2,0
2011-05-27,17,0,0,1,1,5,27,4,21,147,2,0
2011-05-28,31,0,0,2,1,5,28,5,21,148,2,0
2011-05-29,24,0,0,1,1,5,29,6,21,149,2,0
2011-05-30,24,0,0,1,0,5,30,0,22,150,2,0
2011-05-31,25,0,0,1,0,5,31,1,22,151,2,0
2011-06-01,14,0,0,1,0,6,1,2,22,152,2,0
2011-06-02,15,0,0,1,0,6,2,3,22,153,2,0
2011-06-03,13,0,0,1,0,6,3,4,22,154,2,0
2011-06-04,25,0,0,1,1,6,4,5,22,155,2,0
2011-06-05,23,0,0,1,0,6,5,6,22,156,2,0
2011-06-06,7,0,0,0,0,6,6,0,23,157,2,0
2011-06-07,4,0,0,0,0,6,7,1,23,158,2,0
2011-06-08,13,0,0,0,0,6,8,2,23,159,2,0
2011-06-09,14,0,0,0,0,6,9,3,23,160,2,0
2011-06-10,18,0,0,0,0,6,10,4,23,161,2,0
2011-06-11,20,0,0,1,1,6,11,5,23,162,2,0
2011-06-12,11,0,0,1,0,6,12,6,23,163,2,0
2011-06-13,8,0,0,0,0,6,13,0,24,164,2,0
2011-06-14,9,0,0,0,0,6,14,1,24,165,2,0
2011-06-15,11,0,0,0,0,6,15,2,24,166,2,0
2011-06-16,15,0,0,0,0,6,16,3,24,167,2,0
2011-06-17,13,0,0,0,0,6,17,4,24,168,2,0
2011-06-18,20,0,0,1,1,6,18,5,24,169,2,0
2011-06-19,16,0,0,1,1,6,19,6,24,170,2,0
2011-06-20,18,0,0,0,0,6,20,0,25,171,2,0
2011-06-21,11,0,0,0,0,6,21,1,25,172,2,0
2011-06-22,7,0,0,0,0,6,22,2,25,173,2,0
2011-06-23,12,0,0,0,0,6,23,3,25,174,2,0
2011-06-24,20,0,0,1,0,6,24,4,25,175,2,0
2011-06-25,23,0,0,2,1,6,25,5,25,176,2,0
2011-06-26,23,0,0,2,1,6,26,6,25,177,2,0
2011-06-27,18,0,0,1,0,6,27,0,26,178,2,0
2011-06-28,21,0,0,0,0,6,28,1,26,179,2,0
2011-06-29,25,0,0,1,0,6,29,2,26,180,2,0
2011-06-30,24,0,0,1,2,6,30,3,26,181,2,0
2011-07-01,16,0,0,0,0,7,1,4,26,182,3,0
2011-07-02,25,0,0,2,1,7,2,5,26,183,3,0
2011-07-03,17,0,0,1,1,7,3,6,26,184,3,0
2011-07-04,11,0,0,0,0,7,4,0,27,185,3,0
2011-07-05,8,0,0,0,0,7,5,1,27,186,3,0
2011-07-06,11,0,0,0,0,7,6,2,27,187,3,0
2011-07-07,10,0,0,0,0,7,7,3,27,188,3,0
2011-07-08,16,0,0,0,0,7,8,4,27,189,3,0
2011-07-09,19,0,0,1,1,7,9,5,27,190,3,0
2011-07-10,20,0,0,1,1,7,10,6,27,191,3,0
2011-07-11,17,0,0,0,0,7,11,0,28,192,3,0
2011-07-12,10,0,0,0,0,7,12,1,28,193,3,0
2011-07-13,9,0,0,0,0,7,13,2,28,194,3,0
2011-07-14,16,0,0,0,0,7,14,3,28,195,3,0
2011-07-15,19,0,0,0,0,7,15,4,28,196,3,0
2011-07-16,17,0,0,2,1,7,16,5,28,197,3,0
2011-07-17,23,0,0,2,1,7,17,6,28,198,3,0
2011-07-18,19,0,0,1,0,7,18,0,29,199,3,1
2011-07-19,13,0,0,0,0,7,19,1,29,200,3,0
2011-07-20,15,0,0,0,0,7,20,2,29,201,3,0
2011-07-21,14,0,0,0,0,7,21,3,29,202,3,0
2011-07-22,18,0,0,1,0,7,22,4,29,203,3,0
2011-07-23,22,0,0,1,1,7,23,5,29,204,3,0
2011-07-24,23,0,0,1,1,7,24,6,29,205,3,0
2011-07-25,14,0,0,1,0,7,25,0,30,206,3,0
2011-07-26,11,0,0,1,0,7,26,1,30,207,3,0
2011-07-27,14,0,0,1,0,7,27,2,30,208,3,0
2011-07-28,17,0,0,1,0,7,28,3,30,209,3,0
2011-07-29,24,0,0,1,1,7,29,4,30,210,3,0
2011-07-30,23,0,0,2,2,7,30,5,30,211,3,0
2011-07-31,31,0,0,2,1,7,31,6,30,212,3,0
2011-08-01,19,0,0,1,0,8,1,0,31,213,3,0
2011-08-02,10,0,0,0,0,8,2,1,31,214,3,0
2011-08-03,11,0,0,0,0,8,3,2,31,215,3,0
2011-08-04,12,0,0,0,0,8,4,3,31,216,3,0
2011-08-05,15,0,0,0,0,8,5,4,31,217,3,0
2011-08-06,22,0,0,1,1,8,6,5,31,218,3,0
2011-08-07,12,0,0,1,0,8,7,6,31,219,3,0
2011-08-08,15,0,0,0,0,8,8,0,32,220,3,0
2011-08-09,13,0,0,0,0,8,9,1,32,221,3,0
2011-08-10,15,0,0,0,0,8,10,2,32,222,3,0
2011-08-11,11,0,0,0,0,8,11,3,32,223,3,0
2011-08-12,16,0,0,0,0,8,12,4,32,224,3,0
2011-08-13,13,0,0,0,0,8,13,5,32,225,3,0
2011-08-14,0,0,0,0,0,8,14,6,32,226,3,0
2011-08-15,19,0,0,0,0,8,15,0,33,227,3,0
2011-08-16,17,0,0,0,0,8,16,1,33,228,3,0
2011-08-17,5,0,0,0,0,8,17,2,33,229,3,0
2011-08-18,11,0,0,0,0,8,18,3,33,230,3,0
2011-08-19,16,0,0,0,0,8,19,4,33,231,3,0
2011-08-20,16,0,0,1,1,8,20,5,33,232,3,0
2011-08-21,13,0,0,1,0,8,21,6,33,233,3,0
2011-08-22,13,0,0,0,0,8,22,0,34,234,3,0
2011-08-23,13,0,0,0,0,8,23,1,34,235,3,0
2011-08-24,8,0,0,0,0,8,24,2,34,236,3,0
2011-08-25,9,0,0,0,0,8,25,3,34,237,3,0
2011-08-26,22,0,0,0,0,8,26,4,34,238,3,0
2011-08-27,23,0,0,1,1,8,27,5,34,239,3,0
2011-08-28,25,0,0,1,1,8,28,6,34,240,3,0
2011-08-29,24,0,0,0,0,8,29,0,35,241,3,0
2011-08-30,21,0,0,0,0,8,30,1,35,242,3,0
2011-08-31,21,0,0,1,1,8,31,2,35,243,3,0
2011-09-01,14,0,0,1,1,9,1,3,35,244,3,0
2011-09-02,6,0,0,1,1,9,2,4,35,245,3,0
2011-09-03,14,0,0,2,1,9,3,5,35,246,3,0
2011-09-04,11,0,0,1,1,9,4,6,35,247,3,0
2011-09-05,9,0,0,0,0,9,5,0,36,248,3,0
2011-09-06,10,0,0,0,0,9,6,1,36,249,3,0
2011-09-07,6,0,0,0,0,9,7,2,36,250,3,0
2011-09-08,10,0,0,0,0,9,8,3,36,251,3,0
2011-09-09,7,0,0,0,0,9,9,4,36,252,3,0
2011-09-10,15,0,0,1,1,9,10,5,36,253,3,0
2011-09-11,13,0,0,1,0,9,11,6,36,254,3,0
2011-09-12,14,0,0,0,0,9,12,0,37,255,3,0
2011-09-13,16,0,0,0,0,9,13,1,37,256,3,0
2011-09-14,10,0,0,0,0,9,14,2,37,257,3,0
2011-09-15,11,0,0,0,0,9,15,3,37,258,3,0
2011-09-16,14,0,0,0,0,9,16,4,37,259,3,0
2011-09-17,21,0,0,2,1,9,17,5,37,260,3,0
2011-09-18,19,0,0,2,2,9,18,6,37,261,3,0
2011-09-19,18,0,0,1,1,9,19,0,38,262,3,1
2011-09-20,21,0,0,0,0,9,20,1,38,263,3,0
2011-09-21,12,0,0,0,0,9,21,2,38,264,3,0
2011-09-22,24,0,0,0,0,9,22,3,38,265,3,0
2011-09-23,36,0,0,1,1,9,23,4,38,266,3,1
2011-09-24,47,0,0,2,2,9,24,5,38,267,3,0
2011-09-25,26,0,0,2,2,9,25,6,38,268,3,0
2011-09-26,21,0,0,1,1,9,26,0,39,269,3,0
2011-09-27,19,0,0,1,1,9,27,1,39,270,3,0
2011-09-28,24,0,0,1,1,9,28,2,39,271,3,0
2011-09-29,26,0,0,1,1,9,29,3,39,272,3,0
2011-09-30,29,0,0,1,1,9,30,4,39,273,3,0
2011-10-01,26,0,0,2,1,10,1,5,39,274,4,0
2011-10-02,27,0,0,1,1,10,2,6,39,275,4,0
2011-10-03,20,0,0,0,0,10,3,0,40,276,4,0
2011-10-04,14,0,0,0,0,10,4,1,40,277,4,0
2011-10-05,16,0,0,0,0,10,5,2,40,278,4,0
2011-10-06,15,0,0,0,0,10,6,3,40,279,4,0
2011-10-07,15,0,0,0,0,10,7,4,40,280,4,0
2011-10-08,21,0,0,2,1,10,8,5,40,281,4,0
2011-10-09,21,0,0,2,1,10,9,6,40,282,4,0
2011-10-10,17,0,0,1,0,10,10,0,41,283,4,1
2011-10-11,9,0,0,0,0,10,11,1,41,284,4,0
2011-10-12,10,0,0,0,0,10,12,2,41,285,4,0
2011-10-13,14,0,0,0,0,10,13,3,41,286,4,0
2011-10-14,14,0,0,0,0,10,14,4,41,287,4,0
2011-10-15,22,0,0,1,1,10,15,5,41,288,4,0
2011-10-16,24,0,0,1,0,10,16,6,41,289,4,0
2011-10-17,18,0,0,0,0,10,17,0,42,290,4,0
2011-10-18,13,0,0,0,0,10,18,1,42,291,4,0
2011-10-19,7,0,0,0,0,10,19,2,42,292,4,0
2011-10-20,13,0,0,0,0,10,20,3,42,293,4,0
2011-10-21,18,0,0,0,0,10,21,4,42,294,4,0
2011-10-22,17,0,0,1,1,10,22,5,42,295,4,0
2011-10-23,21,0,0,1,1,10,23,6,42,296,4,0
2011-10-24,14,0,0,0,0,10,24,0,43,297,4,0
2011-10-25,17,0,0,0,0,10,25,1,43,298,4,0
2011-10-26,23,0,0,0,0,10,26,2,43,299,4,0
2011-10-27,24,0,0,0,0,10,27,3,43,300,4,0
2011-10-28,25,0,0,1,1,10,28,4,43,301,4,0
2011-10-29,35,0,0,2,2,10,29,5,43,302,4,0
2011-10-30,22,0,0,2,1,10,30,6,43,303,4,0
2011-10-31,27,0,0,1,1,10,31,0,44,304,4,0
2011-11-01,21,0,0,1,1,11,1,1,44,305,4,0
2011-11-02,21,0,0,1,0,11,2,2,44,306,4,0
2011-11-03,22,0,0,2,1,11,3,3,44,307,4,1
2011-11-04,22,0,0,1,1,11,4,4,44,308,4,0
2011-11-05,28,0,0,1,0,11,5,5,44,309,4,0
2011-11-06,10,0,0,1,0,11,6,6,44,310,4,0
2011-11-07,14,0,0,0,0,11,7,0,45,311,4,0
2011-11-08,17,0,0,0,0,11,8,1,45,312,4,0
2011-11-09,11,0,0,0,0,11,9,2,45,313,4,0
2011-11-10,12,0,0,0,0,11,10,3,45,314,4,0
2011-11-11,25,0,0,0,0,11,11,4,45,315,4,0
2011-11-12,27,0,0,1,1,11,12,5,45,316,4,0
2011-11-13,21,0,0,0,0,11,13,6,45,317,4,0
2011-11-14,13,0,0,0,0,11,14,0,46,318,4,0
2011-11-15,11,0,0,0,0,11,15,1,46,319,4,0
2011-11-16,19,0,0,0,0,11,16,2,46,320,4,0
2011-11-17,11,0,0,0,0,11,17,3,46,321,4,0
2011-11-18,11,0,0,0,0,11,18,4,46,322,4,0
2011-11-19,15,0,0,1,1,11,19,5,46,323,4,0
2011-11-20,29,0,0,1,0,11,20,6,46,324,4,0
2011-11-21,18,0,0,0,0,11,21,0,47,325,4,0
2011-11-22,14,0,0,0,0,11,22,1,47,326,4,0
2011-11-23,12,0,0,0,0,11,23,2,47,327,4,1
2011-11-24,21,0,0,0,0,11,24,3,47,328,4,0
2011-11-25,30,0,0,1,1,11,25,4,47,329,4,0
2011-11-26,31,0,0,2,1,11,26,5,47,330,4,0
2011-11-27,32,0,0,1,1,11,27,6,47,331,4,0
2011-11-28,27,0,0,0,0,11,28,0,48,332,4,0
2011-11-29,20,0,0,0,0,11,29,1,48,333,4,0
2011-11-30,20,0,0,1,1,11,30,2,48,334,4,0
2011-12-01,15,0,0,1,1,12,1,3,48,335,4,0
2011-12-02,17,0,0,1,1,12,2,4,48,336,4,0
2011-12-03,32,0,0,2,1,12,3,5,48,337,4,0
2011-12-04,17,0,0,1,1,12,4,6,48,338,4,0
2011-12-05,11,0,0,0,0,12,5,0,49,339,4,0
2011-12-06,12,0,0,0,0,12,6,1,49,340,4,0
2011-12-07,13,0,0,0,0,12,7,2,49,341,4,0
2011-12-08,8,0,0,0,0,12,8,3,49,342,4,0
2011-12-09,14,0,0,0,0,12,9,4,49,343,4,0
2011-12-10,31,0,0,1,1,12,10,5,49,344,4,0
2011-12-11,22,0,0,1,1,12,11,6,49,345,4,0
2011-12-12,19,0,0,0,0,12,12,0,50,346,4,0
2011-12-13,14,0,0,0,0,12,13,1,50,347,4,0
2011-12-14,15,0,0,0,0,12,14,2,50,348,4,0
2011-12-15,17,0,0,0,0,12,15,3,50,349,4,0
2011-12-16,25,0,0,0,0,12,16,4,50,350,4,0
2011-12-17,35,0,0,1,1,12,17,5,50,351,4,0
2011-12-18,30,0,0,1,1,12,18,6,50,352,4,0
2011-12-19,30,0,0,1,0,12,19,0,51,353,4,0
2011-12-20,30,0,0,0,0,12,20,1,51,354,4,0
2011-12-21,28,0,0,0,0,12,21,2,51,355,4,0
2011-12-22,32,0,0,1,1,12,22,3,51,356,4,0
2011-12-23,36,0,0,2,1,12,23,4,51,357,4,1
2011-12-24,30,0,0,2,2,12,24,5,51,358,4,0
2011-12-25,22,0,0,1,1,12,25,6,51,359,4,0
2011-12-26,31,0,0,1,0,12,26,0,52,360,4,0
2011-12-27,30,0,0,1,0,12,27,1,52,361,4,0
2011-12-28,23,0,0,1,0,12,28,2,52,362,4,0
2011-12-29,26,0,0,1,0,12,29,3,52,363,4,0
2011-12-30,15,0,0,1,3,12,30,4,52,364,4,0
2011-12-31,0,0,1,-1,-1,12,31,5,52,365,4,0
2012-01-01,0,0,1,-1,-1,1,1,6,52,1,1,1
2012-01-02,0,0,1,-1,-1,1,2,0,1,2,1,1
2012-01-03,0,0,1,-1,-1,1,3,1,1,3,1,0
2012-01-04,12,0,0,0,0,1,4,2,1,4,1,0
2012-01-05,9,0,0,0,0,1,5,3,1,5,1,0
2012-01-06,8,0,0,0,0,1,6,4,1,6,1,0
2012-01-07,29,0,0,0,0,1,7,5,1,7,1,0
2012-01-08,23,0,0,0,0,1,8,6,1,8,1,0
2012-01-09,9,0,0,0,0,1,9,0,2,9,1,1
2012-01-10,10,0,0,0,0,1,10,1,2,10,1,0
2012-01-11,10,0,0,0,0,1,11,2,2,11,1,0
2012-01-12,7,0,0,0,0,1,12,3,2,12,1,0
2012-01-13,9,0,0,0,0,1,13,4,2,13,1,0
2012-01-14,24,0,0,0,1,1,14,5,2,14,1,0
2012-01-15,21,0,0,0,0,1,15,6,2,15,1,0
2012-01-16,18,0,0,0,0,1,16,0,3,16,1,0
2012-01-17,18,0,0,0,0,1,17,1,3,17,1,0
2012-01-18,17,0,0,0,0,1,18,2,3,18,1,0
2012-01-19,13,0,0,0,0,1,19,3,3,19,1,0
2012-01-20,18,0,0,0,0,1,20,4,3,20,1,0
2012-01-21,30,0,0,1,0,1,21,5,3,21,1,0
2012-01-22,28,0,0,1,0,1,22,6,3,22,1,0
2012-01-23,18,0,0,0,0,1,23,0,4,23,1,0
2012-01-24,17,0,0,0,0,1,24,1,4,24,1,0
2012-01-25,20,0,0,0,0,1,25,2,4,25,1,0
2012-01-26,16,0,0,0,0,1,26,3,4,26,1,0
2012-01-27,30,0,0,1,1,1,27,4,4,27,1,0
2012-01-28,32,0,0,2,1,1,28,5,4,28,1,0
2012-01-29,26,0,0,2,1,1,29,6,4,29,1,0
2012-01-30,33,0,0,1,0,1,30,0,5,30,1,0
2012-01-31,29,0,0,1,1,1,31,1,5,31,1,0
2012-02-01,27,0,0,1,1,2,1,2,5,32,1,0
2012-02-02,17,0,0,1,0,2,2,3,5,33,1,0
2012-02-03,19,0,0,0,0,2,3,4,5,34,1,0
2012-02-04,33,0,0,2,1,2,4,5,5,35,1,0
2012-02-05,19,0,0,1,1,2,5,6,5,36,1,0
2012-02-06,23,0,0,0,0,2,6,0,6,37,1,0
2012-02-07,18,0,0,0,0,2,7,1,6,38,1,0
2012-02-08,22,0,0,0,0,2,8,2,6,39,1,0
2012-02-09,14,0,0,0,0,2,9,3,6,40,1,0
2012-02-10,25,0,0,0,0,2,10,4,6,41,1,0
2012-02-11,36,0,0,1,1,2,11,5,6,42,1,1
2012-02-12,22,0,0,1,0,2,12,6,6,43,1,0
2012-02-13,23,0,0,0,0,2,13,0,7,44,1,0
2012-02-14,18,0,0,0,0,2,14,1,7,45,1,0
2012-02-15,23,0,0,0,0,2,15,2,7,46,1,0
2012-02-16,22,0,0,0,0,2,16,3,7,47,1,0
2012-02-17,25,0,0,0,0,2,17,4,7,48,1,0
2012-02-18,33,0,0,2,1,2,18,5,7,49,1,0
2012-02-19,31,0,0,1,1,2,19,6,7,50,1,0
2012-02-20,26,0,0,1,0,2,20,0,8,51,1,0
2012-02-21,24,0,0,0,0,2,21,1,8,52,1,0
2012-02-22,32,0,0,0,0,2,22,2,8,53,1,0
2012-02-23,29,0,0,1,0,2,23,3,8,54,1,0
2012-02-24,43,0,0,1,1,2,24,4,8,55,1,0
2012-02-25,49,0,0,3,2,2,25,5,8,56,1,0
2012-02-26,47,0,0,2,1,2,26,6,8,57,1,0
2012-02-27,41,0,0,1,1,2,27,0,9,58,1,0
2012-02-28,40,0,0,1,1,2,28,1,9,59,1,0
2012-02-29,39,0,0,2,1,2,29,2,9,60,1,0
2012-03-01,36,0,0,1,1,3,1,3,9,61,1,0
2012-03-02,45,0,0,1,1,3,2,4,9,62,1,0
2012-03-03,37,0,0,2,1,3,3,5,9,63,1,0
2012-03-04,30,0,0,1,1,3,4,6,9,64,1,0
2012-03-05,29,0,0,0,0,3,5,0,10,65,1,0
2012-03-06,30,0,0,0,0,3,6,1,10,66,1,0
2012-03-07,38,0,0,0,0,3,7,2,10,67,1,0
2012-03-08,32,0,0,0,0,3,8,3,10,68,1,0
2012-03-09,33,0,0,0,0,3,9,4,10,69,1,0
2012-03-10,30,0,0,2,1,3,10,5,10,70,1,0
2012-03-11,28,0,0,1,1,3,11,6,10,71,1,0
2012-03-12,31,0,0,0,0,3,12,0,11,72,1,0
2012-03-13,35,0,0,0,0,3,13,1,11,73,1,0
2012-03-14,30,0,0,1,0,3,14,2,11,74,1,0
2012-03-15,36,0,0,1,1,3,15,3,11,75,1,0
2012-03-16,50,0,0,2,2,3,16,4,11,76,1,0
2012-03-17,58,0,0,3,3,3,17,5,11,77,1,0
2012-03-18,45,0,0,3,2,3,18,6,11,78,1,0
2012-03-19,48,0,0,2,2,3,19,0,12,79,1,0
2012-03-20,51,0,0,3,2,3,20,1,12,80,1,1
2012-03-21,60,0,0,2,2,3,21,2,12,81,1,0
2012-03-22,49,0,0,3,2,3,22,3,12,82,1,0
2012-03-23,47,0,0,4,3,3,23,4,12,83,1,0
2012-03-24,55,0,0,5,4,3,24,5,12,84,1,0
2012-03-25,49,0,0,4,5,3,25,6,12,85,1,0
2012-03-26,69,0,0,3,2,3,26,0,13,86,1,0
2012-03-27,88,0,0,3,2,3,27,1,13,87,1,0
2012-03-28,66,0,0,2,2,3,28,2,13,88,1,0
2012-03-29,63,0,0,4,2,3,29,3,13,89,1,0
2012-03-30,69,0,0,4,4,3,30,4,13,90,1,0
2012-03-31,63,0,0,5,5,3,31,5,13,91,1,0
2012-04-01,36,0,0,5,4,4,1,6,13,92,2,0
2012-04-02,45,0,0,2,3,4,2,0,14,93,2,0
2012-04-03,36,0,0,2,1,4,3,1,14,94,2,0
2012-04-04,32,0,0,1,1,4,4,2,14,95,2,0
2012-04-05,43,0,0,1,0,4,5,3,14,96,2,0
2012-04-06,36,0,0,0,0,4,6,4,14,97,2,0
2012-04-07,39,0,0,4,3,4,7,5,14,98,2,0
2012-04-08,33,0,0,2,2,4,8,6,14,99,2,0
2012-04-09,33,0,0,0,0,4,9,0,15,100,2,0
2012-04-10,32,0,0,0,0,4,10,1,15,101,2,0
2012-04-11,20,0,0,0,0,4,11,2,15,102,2,0
2012-04-12,25,0,0,0,0,4,12,3,15,103,2,0
2012-04-13,34,0,0,0,0,4,13,4,15,104,2,0
2012-04-14,43,0,0,2,2,4,14,5,15,105,2,0
2012-04-15,40,0,0,1,2,4,15,6,15,106,2,0
2012-04-16,27,0,0,0,0,4,16,0,16,107,2,0
2012-04-17,21,0,0,0,0,4,17,1,16,108,2,0
2012-04-18,21,0,0,0,0,4,18,2,16,109,2,0
2012-04-19,21,0,0,0,0,4,19,3,16,110,2,0
2012-04-20,25,0,0,0,0,4,20,4,16,111,2,0
2012-04-21,29,0,0,2,2,4,21,5,16,112,2,0
2012-04-22,28,0,0,1,1,4,22,6,16,113,2,0
2012-04-23,32,0,0,1,0,4,23,0,17,114,2,0
2012-04-24,27,0,0,0,0,4,24,1,17,115,2,0
2012-04-25,35,0,0,0,0,4,25,2,17,116,2,0
2012-04-26,29,0,0,0,0,4,26,3,17,117,2,0
2012-04-27,32,0,0,1,1,4,27,4,17,118,2,0
2012-04-28,43,0,0,2,2,4,28,5,17,119,2,0
2012-04-29,54,0,0,3,2,4,29,6,17,120,2,1
2012-04-30,39,0,0,2,1,4,30,0,18,121,2,1
2012-05-01,31,0,0,0,0,5,1,1,18,122,2,0
2012-05-02,30,0,0,0,0,5,2,2,18,123,2,0
2012-05-03,27,0,0,1,1,5,3,3,18,124,2,1
2012-05-04,27,0,0,2,2,5,4,4,18,125,2,1
2012-05-05,16,0,0,1,0,5,5,5,18,126,2,1
2012-05-06,12,0,0,0,0,5,6,6,18,127,2,0
2012-05-07,21,0,0,0,0,5,7,0,19,128,2,0
2012-05-08,22,0,0,0,0,5,8,1,19,129,2,0
2012-05-09,19,0,0,0,0,5,9,2,19,130,2,0
2012-05-10,16,0,0,0,0,5,10,3,19,131,2,0
2012-05-11,19,0,0,0,0,5,11,4,19,132,2,0
2012-05-12,32,0,0,1,1,5,12,5,19,133,2,0
2012-05-13,26,0,0,1,0,5,13,6,19,134,2,0
2012-05-14,22,0,0,0,0,5,14,0,20,135,2,0
2012-05-15,21,0,0,0,0,5,15,1,20,136,2,0
2012-05-16,11,0,0,0,0,5,16,2,20,137,2,0
2012-05-17,14,0,0,0,0,5,17,3,20,138,2,0
2012-05-18,19,0,0,0,0,5,18,4,20,139,2,0
2012-05-19,33,0,0,1,1,5,19,5,20,140,2,0
2012-05-20,25,0,0,1,0,5,20,6,20,141,2,0
2012-05-21,15,0,0,0,0,5,21,0,21,142,2,0
2012-05-22,21,0,0,0,0,5,22,1,21,143,2,0
2012-05-23,19,0,0,0,0,5,23,2,21,144,2,0
2012-05-24,23,0,0,0,0,5,24,3,21,145,2,0
2012-05-25,32,0,0,1,0,5,25,4,21,146,2,0
2012-05-26,39,0,0,2,1,5,26,5,21,147,2,0
2012-05-27,32,0,0,1,1,5,27,6,21,148,2,0
2012-05-28,30,0,0,1,0,5,28,0,22,149,2,0
2012-05-29,33,0,0,0,0,5,29,1,22,150,2,0
2012-05-30,27,0,0,1,0,5,30,2,22,151,2,0
2012-05-31,35,0,0,1,1,5,31,3,22,152,2,0
2012-06-01,30,0,0,0,0,6,1,4,22,153,2,0
2012-06-02,36,0,0,1,1,6,2,5,22,154,2,0
2012-06-03,28,0,0,1,1,6,3,6,22,155,2,0
2012-06-04,22,0,0,0,0,6,4,0,23,156,2,0
2012-06-05,23,0,0,0,0,6,5,1,23,157,2,0
2012-06-06,13,0,0,0,0,6,6,2,23,158,2,0
2012-06-07,13,0,0,0,0,6,7,3,23,159,2,0
2012-06-08,12,0,0,0,0,6,8,4,23,160,2,0
2012-06-09,38,0,0,1,1,6,9,5,23,161,2,0
2012-06-10,17,0,0,1,0,6,10,6,23,162,2,0
2012-06-11,22,0,0,0,0,6,11,0,24,163,2,0
2012-06-12,12,0,0,0,0,6,12,1,24,164,2,0
2012-06-13,22,0,0,0,0,6,13,2,24,165,2,0
2012-06-14,20,0,0,0,0,6,14,3,24,166,2,0
2012-06-15,20,0,0,0,0,6,15,4,24,167,2,0
2012-06-16,42,0,0,1,1,6,16,5,24,168,2,0
2012-06-17,22,0,0,1,0,6,17,6,24,169,2,0
2012-06-18,23,0,0,0,0,6,18,0,25,170,2,0
2012-06-19,19,0,0,0,0,6,19,1,25,171,2,0
2012-06-20,21,0,0,0,0,6,20,2,25,172,2,0
2012-06-21,20,0,0,0,0,6,21,3,25,173,2,0
2012-06-22,32,0,0,0,0,6,22,4,25,174,2,0
2012-06-23,38,0,0,2,1,6,23,5,25,175,2,0
2012-06-24,34,0,0,1,1,6,24,6,25,176,2,0
2012-06-25,31,0,0,0,0,6,25,0,26,177,2,0
2012-06-26,33,0,0,1,0,6,26,1,26,178,2,0
2012-06-27,31,0,0,0,0,6,27,2,26,179,2,0
2012-06-28,42,0,0,1,0,6,28,3,26,180,2,0
2012-06-29,52,0,0,1,1,6,29,4,26,181,2,0
2012-06-30,55,0,0,2,2,6,30,5,26,182,2,0
2012-07-01,45,0,0,2,1,7,1,6,26,183,3,0
2012-07-02,31,0,0,1,1,7,2,0,27,184,3,0
2012-07-03,12,0,0,1,0,7,3,1,27,185,3,0
2012-07-04,19,0,0,0,0,7,4,2,27,186,3,0
2012-07-05,16,0,0,0,0,7,5,3,27,187,3,0
2012-07-06,23,0,0,0,0,7,6,4,27,188,3,0
2012-07-07,34,0,0,1,1,7,7,5,27,189,3,0
2012-07-08,20,0,0,1,1,7,8,6,27,190,3,0
2012-07-09,17,0,0,0,0,7,9,0,28,191,3,0
2012-07-10,9,0,0,0,0,7,10,1,28,192,3,0
2012-07-11,21,0,0,0,0,7,11,2,28,193,3,0
2012-07-12,21,0,0,0,0,7,12,3,28,194,3,0
2012-07-13,23,0,0,0,0,7,13,4,28,195,3,0
2012-07-14,38,0,0,2,1,7,14,5,28,196,3,0
2012-07-15,38,0,0,2,1,7,15,6,28,197,3,0
2012-07-16,25,0,0,1,0,7,16,0,29,198,3,1
2012-07-17,24,0,0,0,0,7,17,1,29,199,3,0
2012-07-18,11,0,0,0,0,7,18,2,29,200,3,0
2012-07-19,19,0,0,0,0,7,19,3,29,201,3,0
2012-07-20,24,0,0,0,0,7,20,4,29,202,3,0
2012-07-21,37,0,0,1,1,7,21,5,29,203,3,0
2012-07-22,23,0,0,1,1,7,22,6,29,204,3,0
2012-07-23,27,0,0,0,0,7,23,0,30,205,3,0
2012-07-24,31,0,0,1,0,7,24,1,30,206,3,0
2012-07-25,17,0,0,0,0,7,25,2,30,207,3,0
2012-07-26,22,0,0,0,0,7,26,3,30,208,3,0
2012-07-27,25,0,0,1,1,7,27,4,30,209,3,0
2012-07-28,48,0,0,3,2,7,28,5,30,210,3,0
2012-07-29,43,0,0,2,1,7,29,6,30,211,3,0
2012-07-30,31,0,0,1,1,7,30,0,31,212,3,0
2012-07-31,42,0,0,1,1,7,31,1,31,213,3,0
2012-08-01,41,0,0,0,0,8,1,2,31,214,3,0
2012-08-02,30,0,0,0,0,8,2,3,31,215,3,0
2012-08-03,29,0,0,0,0,8,3,4,31,216,3,0
2012-08-04,31,0,0,1,1,8,4,5,31,217,3,0
2012-08-05,34,0,0,1,1,8,5,6,31,218,3,0
2012-08-06,21,0,0,0,0,8,6,0,32,219,3,0
2012-08-07,21,0,0,0,0,8,7,1,32,220,3,0
2012-08-08,22,0,0,0,0,8,8,2,32,221,3,0
2012-08-09,12,0,0,0,0,8,9,3,32,222,3,0
2012-08-10,25,0,0,0,0,8,10,4,32,223,3,0
2012-08-11,29,0,0,1,1,8,11,5,32,224,3,0
2012-08-12,14,0,0,0,0,8,12,6,32,225,3,0
2012-08-13,29,0,0,0,0,8,13,0,33,226,3,0
2012-08-14,23,0,0,0,0,8,14,1,33,227,3,0
2012-08-15,19,0,0,0,0,8,15,2,33,228,3,0
2012-08-16,16,0,0,0,0,8,16,3,33,229,3,0
2012-08-17,29,0,0,0,0,8,17,4,33,230,3,0
2012-08-18,22,0,0,1,1,8,18,5,33,231,3,0
2012-08-19,23,0,0,1,0,8,19,6,33,232,3,0
2012-08-20,25,0,0,0,0,8,20,0,34,233,3,0
2012-08-21,19,0,0,0,0,8,21,1,34,234,3,0
2012-08-22,21,0,0,0,0,8,22,2,34,235,3,0
2012-08-23,26,0,0,0,0,8,23,3,34,236,3,0
2012-08-24,23,0,0,1,0,8,24,4,34,237,3,0
2012-08-25,31,0,0,2,1,8,25,5,34,238,3,0
2012-08-26,37,0,0,1,1,8,26,6,34,239,3,0
2012-08-27,36,0,0,0,0,8,27,0,35,240,3,0
2012-08-28,27,0,0,1,1,8,28,1,35,241,3,0
2012-08-29,30,0,0,0,0,8,29,2,35,242,3,0
2012-08-30,38,0,0,1,0,8,30,3,35,243,3,0
2012-08-31,28,0,0,1,1,8,31,4,35,244,3,0
2012-09-01,44,0,0,2,1,9,1,5,35,245,3,0
2012-09-02,40,0,0,1,1,9,2,6,35,246,3,0
2012-09-03,35,0,0,1,0,9,3,0,36,247,3,0
2012-09-04,13,0,0,0,0,9,4,1,36,248,3,0
2012-09-05,15,0,0,0,0,9,5,2,36,249,3,0
2012-09-06,19,0,0,0,0,9,6,3,36,250,3,0
2012-09-07,23,0,0,0,0,9,7,4,36,251,3,0
2012-09-08,18,0,0,1,1,9,8,5,36,252,3,0
2012-09-09,33,0,0,1,1,9,9,6,36,253,3,0
2012-09-10,28,0,0,0,0,9,10,0,37,254,3,0
2012-09-11,22,0,0,0,0,9,11,1,37,255,3,0
2012-09-12,26,0,0,0,0,9,12,2,37,256,3,0
2012-09-13,26,0,0,0,0,9,13,3,37,257,3,0
2012-09-14,25,0,0,0,0,9,14,4,37,258,3,0
2012-09-15,36,0,0,2,1,9,15,5,37,259,3,0
2012-09-16,45,0,0,2,2,9,16,6,37,260,3,0
2012-09-17,26,0,0,1,0,9,17,0,38,261,3,1
2012-09-18,34,0,0,1,0,9,18,1,38,262,3,0
2012-09-19,24,0,0,1,0,9,19,2,38,263,3,0
2012-09-20,28,0,0,1,0,9,20,3,38,264,3,0
2012-09-21,36,0,0,1,0,9,21,4,38,265,3,0
2012-09-22,49,0,0,2,1,9,22,5,38,266,3,1
2012-09-23,51,0,0,1,1,9,23,6,38,267,3,0
2012-09-24,69,0,0,1,0,9,24,0,39,268,3,0
2012-09-25,32,0,0,1,1,9,25,1,39,269,3,0
2012-09-26,45,0,0,0,0,9,26,2,39,270,3,0
2012-09-27,40,0,0,1,0,9,27,3,39,271,3,0
2012-09-28,49,0,0,1,1,9,28,4,39,272,3,0
2012-09-29,53,0,0,3,2,9,29,5,39,273,3,0
2012-09-30,52,0,0,2,2,9,30,6,39,274,3,0
2012-10-01,56,0,0,1,1,10,1,0,40,275,4,0
2012-10-02,33,0,0,1,0,10,2,1,40,276,4,0
2012-10-03,22,0,0,0,0,10,3,2,40,277,4,0
2012-10-04,26,0,0,0,0,10,4,3,40,278,4,0
2012-10-05,37,0,0,0,0,10,5,4,40,279,4,0
2012-10-06,35,0,0,2,1,10,6,5,40,280,4,0
2012-10-07,39,0,0,2,2,10,7,6,40,281,4,0
2012-10-08,29,0,0,1,0,10,8,0,41,282,4,1
2012-10-09,25,0,0,0,0,10,9,1,41,283,4,0
2012-10-10,19,0,0,0,0,10,10,2,41,284,4,0
2012-10-11,16,0,0,0,0,10,11,3,41,285,4,0
2012-10-12,28,0,0,0,0,10,12,4,41,286,4,0
2012-10-13,40,0,0,1,1,10,13,5,41,287,4,0
2012-10-14,35,0,0,1,0,10,14,6,41,288,4,0
2012-10-15,22,0,0,0,0,10,15,0,42,289,4,0
2012-10-16,14,0,0,0,0,10,16,1,42,290,4,0
2012-10-17,21,0,0,0,0,10,17,2,42,291,4,0
2012-10-18,16,0,0,0,0,10,18,3,42,292,4,0
2012-10-19,35,0,0,0,0,10,19,4,42,293,4,0
2012-10-20,46,0,0,1,1,10,20,5,42,294,4,0
2012-10-21,29,0,0,1,0,10,21,6,42,295,4,0
2012-10-22,27,0,0,0,0,10,22,0,43,296,4,0
2012-10-23,20,0,0,0,0,10,23,1,43,297,4,0
2012-10-24,33,0,0,0,0,10,24,2,43,298,4,0
2012-10-25,31,0,0,0,0,10,25,3,43,299,4,0
2012-10-26,38,0,0,1,0,10,26,4,43,300,4,0
2012-10-27,58,0,0,2,1,10,27,5,43,301,4,0
2012-10-28,50,0,0,1,1,10,28,6,43,302,4,0
2012-10-29,50,0,0,1,1,10,29,0,44,303,4,0
2012-10-30,51,0,0,0,0,10,30,1,44,304,4,0
2012-10-31,49,0,0,1,1,10,31,2,44,305,4,0
2012-11-01,34,0,0,0,0,11,1,3,44,306,4,0
2012-11-02,27,0,0,0,0,11,2,4,44,307,4,0
2012-11-03,43,0,0,2,1,11,3,5,44,308,4,1
2012-11-04,35,0,0,1,1,11,4,6,44,309,4,0
2012-11-05,25,0,0,0,0,11,5,0,45,310,4,0
2012-11-06,26,0,0,0,0,11,6,1,45,311,4,0
2012-11-07,21,0,0,0,0,11,7,2,45,312,4,0
2012-11-08,14,0,0,0,0,11,8,3,45,313,4,0
2012-11-09,27,0,0,0,0,11,9,4,45,314,4,0
2012-11-10,37,0,0,1,1,11,10,5,45,315,4,0
2012-11-11,26,0,0,0,0,11,11,6,45,316,4,0
2012-11-12,21,0,0,0,0,11,12,0,46,317,4,0
2012-11-13,22,0,0,0,0,11,13,1,46,318,4,0
2012-11-14,12,0,0,0,0,11,14,2,46,319,4,0
2012-11-15,33,0,0,0,0,11,15,3,46,320,4,0
2012-11-16,26,0,0,0,0,11,16,4,46,321,4,0
2012-11-17,38,0,0,1,1,11,17,5,46,322,4,0
2012-11-18,39,0,0,1,0,11,18,6,46,323,4,0
2012-11-19,25,0,0,0,0,11,19,0,47,324,4,0
2012-11-20,28,0,0,0,0,11,20,1,47,325,4,0
2012-11-21,38,0,0,0,0,11,21,2,47,326,4,0
2012-11-22,45,0,0,0,0,11,22,3,47,327,4,0
2012-11-23,49,0,0,2,1,11,23,4,47,328,4,1
2012-11-24,42,0,0,2,1,11,24,5,47,329,4,0
2012-11-25,46,0,0,1,1,11,25,6,47,330,4,0
2012-11-26,40,0,0,0,0,11,26,0,48,331,4,0
2012-11-27,32,0,0,1,0,11,27,1,48,332,4,0
2012-11-28,43,0,0,0,0,11,28,2,48,333,4,0
2012-11-29,44,0,0,0,0,11,29,3,48,334,4,0
2012-11-30,49,0,0,1,1,11,30,4,48,335,4,0
2012-12-01,45,0,0,2,1,12,1,5,48,336,4,0
2012-12-02,37,0,0,1,1,12,2,6,48,337,4,0
2012-12-03,40,0,0,0,0,12,3,0,49,338,4,0
2012-12-04,17,0,0,0,0,12,4,1,49,339,4,0
2012-12-05,26,0,0,0,0,12,5,2,49,340,4,0
2012-12-06,16,0,0,0,0,12,6,3,49,341,4,0
2012-12-07,19,0,0,0,0,12,7,4,49,342,4,0
2012-12-08,44,0,0,1,1,12,8,5,49,343,4,0
2012-12-09,35,0,0,1,0,12,9,6,49,344,4,0
2012-12-10,39,0,0,0,0,12,10,0,50,345,4,0
2012-12-11,22,0,0,0,0,12,11,1,50,346,4,0
2012-12-12,27,0,0,0,0,12,12,2,50,347,4,0
2012-12-13,34,0,0,0,0,12,13,3,50,348,4,0
2012-12-14,37,0,0,0,0,12,14,4,50,349,4,0
2012-12-15,50,0,0,1,1,12,15,5,50,350,4,0
2012-12-16,49,0,0,1,0,12,16,6,50,351,4,0
2012-12-17,43,0,0,0,0,12,17,0,51,352,4,0
2012-12-18,41,0,0,0,0,12,18,1,51,353,4,0
2012-12-19,39,0,0,0,0,12,19,2,51,354,4,0
2012-12-20,50,0,0,0,0,12,20,3,51,355,4,0
2012-12-21,45,0,0,0,0,12,21,4,51,356,4,0
2012-12-22,49,0,0,2,1,12,22,5,51,357,4,0
2012-12-23,46,0,0,2,3,12,23,6,51,358,4,1
2012-12-24,44,0,0,1,0,12,24,0,52,359,4,1
2012-12-25,43,0,0,1,1,12,25,1,52,360,4,0
2012-12-26,55,0,0,0,0,12,26,2,52,361,4,0
2012-12-27,48,0,0,1,0,12,27,3,52,362,4,0
2012-12-28,41,0,0,1,1,12,28,4,52,363,4,0
2012-12-29,33,0,0,2,2,12,29,5,52,364,4,0
2012-12-30,23,0,0,1,2,12,30,6,52,365,4,0
2012-12-31,0,0,1,-1,-1,12,31,0,1,366,4,0
2013-01-01,0,0,1,-1,-1,1,1,1,1,1,1,1
2013-01-02,0,0,1,-1,-1,1,2,2,1,2,1,0
2013-01-03,0,0,1,-1,-1,1,3,3,1,3,1,0
2013-01-04,38,0,0,0,0,1,4,4,1,4,1,0
2013-01-05,26,0,0,0,0,1,5,5,1,5,1,0
2013-01-06,24,0,0,0,0,1,6,6,1,6,1,0
2013-01-07,22,0,0,0,0,1,7,0,2,7,1,0
2013-01-08,12,0,0,0,0,1,8,1,2,8,1,0
2013-01-09,18,0,0,0,0,1,9,2,2,9,1,0
2013-01-10,19,0,0,0,0,1,10,3,2,10,1,0
2013-01-11,27,0,0,0,0,1,11,4,2,11,1,0
2013-01-12,39,0,0,1,0,1,12,5,2,12,1,0
2013-01-13,50,0,0,0,0,1,13,6,2,13,1,0
2013-01-14,16,0,0,0,0,1,14,0,3,14,1,1
2013-01-15,31,0,0,0,0,1,15,1,3,15,1,0
2013-01-16,33,0,0,0,0,1,16,2,3,16,1,0
2013-01-17,27,0,0,0,0,1,17,3,3,17,1,0
2013-01-18,26,0,0,0,0,1,18,4,3,18,1,0
2013-01-19,56,0,0,1,1,1,19,5,3,19,1,0
2013-01-20,43,0,0,1,0,1,20,6,3,20,1,0
2013-01-21,38,0,0,0,0,1,21,0,4,21,1,0
2013-01-22,21,0,0,0,0,1,22,1,4,22,1,0
2013-01-23,37,0,0,0,0,1,23,2,4,23,1,0
2013-01-24,29,0,0,0,0,1,24,3,4,24,1,0
2013-01-25,43,0,0,1,0,1,25,4,4,25,1,0
2013-01-26,56,0,0,2,1,1,26,5,4,26,1,0
2013-01-27,50,0,0,1,1,1,27,6,4,27,1,0
2013-01-28,42,0,0,1,0,1,28,0,5,28,1,0
2013-01-29,42,0,0,1,0,1,29,1,5,29,1,0
2013-01-30,45,0,0,1,0,1,30,2,5,30,1,0
2013-01-31,39,0,0,2,1,1,31,3,5,31,1,0
2013-02-01,48,0,0,1,1,2,1,4,5,32,1,0
2013-02-02,48,0,0,2,1,2,2,5,5,33,1,0
2013-02-03,41,0,0,1,1,2,3,6,5,34,1,0
2013-02-04,30,0,0,1,0,2,4,0,6,35,1,0
2013-02-05,29,0,0,1,0,2,5,1,6,36,1,0
2013-02-06,21,0,0,0,0,2,6,2,6,37,1,0
2013-02-07,25,0,0,0,0,2,7,3,6,38,1,0
2013-02-08,40,0,0,1,0,2,8,4,6,39,1,0
2013-02-09,36,0,0,2,1,2,9,5,6,40,1,0
2013-02-10,44,0,0,2,2,2,10,6,6,41,1,0
2013-02-11,38,0,0,0,0,2,11,0,7,42,1,1
2013-02-12,43,0,0,0,0,2,12,1,7,43,1,0
2013-02-13,39,0,0,0,0,2,13,2,7,44,1,0
2013-02-14,43,0,0,0,0,2,14,3,7,45,1,0
2013-02-15,46,0,0,0,0,2,15,4,7,46,1,0
2013-02-16,52,0,0,1,1,2,16,5,7,47,1,0
2013-02-17,47,0,0,1,0,2,17,6,7,48,1,0
2013-02-18,41,0,0,0,0,2,18,0,8,49,1,0
2013-02-19,36,0,0,0,0,2,19,1,8,50,1,0
2013-02-20,43,0,0,0,0,2,20,2,8,51,1,0
2013-02-21,37,0,0,0,0,2,21,3,8,52,1,0
2013-02-22,52,0,0,1,1,2,22,4,8,53,1,0
2013-02-23,56,0,0,3,2,2,23,5,8,54,1,0
2013-02-24,58,0,0,2,1,2,24,6,8,55,1,0
2013-02-25,66,0,0,1,1,2,25,0,9,56,1,0
2013-02-26,61,0,0,1,1,2,26,1,9,57,1,0
2013-02-27,60,0,0,1,1,2,27,2,9,58,1,0
2013-02-28,66,0,0,2,1,2,28,3,9,59,1,0
2013-03-01,55,0,0,1,1,3,1,4,9,60,1,0
2013-03-02,58,0,0,2,1,3,2,5,9,61,1,0
2013-03-03,46,0,0,1,1,3,3,6,9,62,1,0
2013-03-04,50,0,0,0,0,3,4,0,10,63,1,0
2013-03-05,43,0,0,0,0,3,5,1,10,64,1,0
2013-03-06,34,0,0,0,0,3,6,2,10,65,1,0
2013-03-07,40,0,0,0,0,3,7,3,10,66,1,0
2013-03-08,46,0,0,0,0,3,8,4,10,67,1,0
2013-03-09,45,0,0,1,1,3,9,5,10,68,1,0
2013-03-10,50,0,0,1,1,3,10,6,10,69,1,0
2013-03-11,50,0,0,0,0,3,11,0,11,70,1,0
2013-03-12,53,0,0,0,0,3,12,1,11,71,1,0
2013-03-13,49,0,0,0,0,3,13,2,11,72,1,0
2013-03-14,43,0,0,0,0,3,14,3,11,73,1,0
2013-03-15,73,0,0,2,1,3,15,4,11,74,1,0
2013-03-16,66,0,0,3,2,3,16,5,11,75,1,0
2013-03-17,59,0,0,2,2,3,17,6,11,76,1,0
2013-03-18,73,0,0,2,2,3,18,0,12,77,1,0
2013-03-19,68,0,0,2,2,3,19,1,12,78,1,0
2013-03-20,74,0,0,5,4,3,20,2,12,79,1,1
2013-03-21,71,0,0,5,4,3,21,3,12,80,1,0
2013-03-22,65,0,0,4,3,3,22,4,12,81,1,0
2013-03-23,60,0,0,5,4,3,23,5,12,82,1,0
2013-03-24,66,0,0,4,3,3,24,6,12,83,1,0
2013-03-25,76,0,0,3,3,3,25,0,13,84,1,0
2013-03-26,81,0,0,3,3,3,26,1,13,85,1,0
2013-03-27,74,0,0,4,3,3,27,2,13,86,1,0
2013-03-28,83,0,0,4,4,3,28,3,13,87,1,0
2013-03-29,71,0,0,4,4,3,29,4,13,88,1,0
2013-03-30,84,0,0,5,5,3,30,5,13,89,1,0
2013-03-31,69,0,0,5,4,3,31,6,13,90,1,0
2013-04-01,67,0,0,4,2,4,1,0,14,91,2,0
2013-04-02,55,0,0,2,1,4,2,1,14,92,2,0
2013-04-03,59,0,0,2,0,4,3,2,14,93,2,0
2013-04-04,42,0,0,1,0,4,4,3,14,94,2,0
2013-04-05,43,0,0,0,0,4,5,4,14,95,2,0
2013-04-06,60,0,0,3,2,4,6,5,14,96,2,0
2013-04-07,55,0,0,2,1,4,7,6,14,97,2,0
2013-04-08,41,0,0,0,0,4,8,0,15,98,2,0
2013-04-09,36,0,0,0,0,4,9,1,15,99,2,0
2013-04-10,41,0,0,0,0,4,10,2,15,100,2,0
2013-04-11,27,0,0,0,0,4,11,3,15,101,2,0
2013-04-12,43,0,0,0,0,4,12,4,15,102,2,0
2013-04-13,43,0,0,2,2,4,13,5,15,103,2,0
2013-04-14,49,0,0,2,1,4,14,6,15,104,2,0
2013-04-15,44,0,0,0,0,4,15,0,16,105,2,0
2013-04-16,29,0,0,0,0,4,16,1,16,106,2,0
2013-04-17,7,0,0,0,0,4,17,2,16,107,2,0
2013-04-18,29,0,0,0,0,4,18,3,16,108,2,0
2013-04-19,36,0,0,0,0,4,19,4,16,109,2,0
2013-04-20,46,0,0,2,1,4,20,5,16,110,2,0
2013-04-21,44,0,0,1,0,4,21,6,16,111,2,0
2013-04-22,33,0,0,0,0,4,22,0,17,112,2,0
2013-04-23,36,0,0,0,0,4,23,1,17,113,2,0
2013-04-24,37,0,0,0,0,4,24,2,17,114,2,0
2013-04-25,47,0,0,0,0,4,25,3,17,115,2,0
2013-04-26,42,0,0,1,1,4,26,4,17,116,2,0
2013-04-27,52,0,0,2,2,4,27,5,17,117,2,0
2013-04-28,66,0,0,2,1,4,28,6,17,118,2,0
2013-04-29,59,0,0,1,0,4,29,0,18,119,2,1
2013-04-30,56,0,0,2,1,4,30,1,18,120,2,0
2013-05-01,47,0,0,0,0,5,1,2,18,121,2,0
2013-05-02,27,0,0,0,0,5,2,3,18,122,2,0
2013-05-03,46,0,0,1,1,5,3,4,18,123,2,1
2013-05-04,27,0,0,2,1,5,4,5,18,124,2,1
2013-05-05,17,0,0,1,0,5,5,6,18,125,2,1
2013-05-06,24,0,0,0,0,5,6,0,19,126,2,1
2013-05-07,30,0,0,0,0,5,7,1,19,127,2,0
2013-05-08,24,0,0,0,0,5,8,2,19,128,2,0
2013-05-09,17,0,0,0,0,5,9,3,19,129,2,0
2013-05-10,26,0,0,0,0,5,10,4,19,130,2,0
2013-05-11,44,0,0,1,1,5,11,5,19,131,2,0
2013-05-12,38,0,0,0,0,5,12,6,19,132,2,0
2013-05-13,32,0,0,0,0,5,13,0,20,133,2,0
2013-05-14,22,0,0,0,0,5,14,1,20,134,2,0
2013-05-15,24,0,0,0,0,5,15,2,20,135,2,0
2013-05-16,29,0,0,0,0,5,16,3,20,136,2,0
2013-05-17,38,0,0,1,0,5,17,4,20,137,2,0
2013-05-18,47,0,0,1,1,5,18,5,20,138,2,0
2013-05-19,52,0,0,1,0,5,19,6,20,139,2,0
2013-05-20,37,0,0,0,0,5,20,0,21,140,2,0
2013-05-21,23,0,0,0,0,5,21,1,21,141,2,0
2013-05-22,22,0,0,0,0,5,22,2,21,142,2,0
2013-05-23,26,0,0,0,0,5,23,3,21,143,2,0
2013-05-24,30,0,0,1,1,5,24,4,21,144,2,0
2013-05-25,52,0,0,2,1,5,25,5,21,145,2,0
2013-05-26,42,0,0,1,1,5,26,6,21,146,2,0
2013-05-27,47,0,0,0,0,5,27,0,22,147,2,0
2013-05-28,32,0,0,0,0,5,28,1,22,148,2,0
2013-05-29,40,0,0,1,1,5,29,2,22,149,2,0
2013-05-30,42,0,0,1,0,5,30,3,22,150,2,0
2013-05-31,54,0,0,1,1,5,31,4,22,151,2,0
2013-06-01,57,0,0,2,1,6,1,5,22,152,2,0
2013-06-02,42,0,0,1,1,6,2,6,22,153,2,0
2013-06-03,31,0,0,0,0,6,3,0,23,154,2,0
2013-06-04,18,0,0,0,0,6,4,1,23,155,2,0
2013-06-05,18,0,0,0,0,6,5,2,23,156,2,0
2013-06-06,29,0,0,0,0,6,6,3,23,157,2,0
2013-06-07,21,0,0,0,0,6,7,4,23,158,2,0
2013-06-08,40,0,0,1,0,6,8,5,23,159,2,0
2013-06-09,32,0,0,0,0,6,9,6,23,160,2,0
2013-06-10,28,0,0,0,0,6,10,0,24,161,2,0
2013-06-11,16,0,0,0,0,6,11,1,24,162,2,0
2013-06-12,20,0,0,0,0,6,12,2,24,163,2,0
2013-06-13,29,0,0,0,0,6,13,3,24,164,2,0
2013-06-14,28,0,0,0,0,6,14,4,24,165,2,0
2013-06-15,53,0,0,1,1,6,15,5,24,166,2,0
2013-06-16,43,0,0,0,0,6,16,6,24,167,2,0
2013-06-17,36,0,0,0,0,6,17,0,25,168,2,0
2013-06-18,24,0,0,0,0,6,18,1,25,169,2,0
2013-06-19,20,0,0,0,0,6,19,2,25,170,2,0
2013-06-20,29,0,0,0,0,6,20,3,25,171,2,0
2013-06-21,35,0,0,1,1,6,21,4,25,172,2,0
2013-06-22,55,0,0,1,1,6,22,5,25,173,2,0
2013-06-23,56,0,0,1,1,6,23,6,25,174,2,0
2013-06-24,44,0,0,0,0,6,24,0,26,175,2,0
2013-06-25,48,0,0,0,0,6,25,1,26,176,2,0
2013-06-26,40,0,0,0,0,6,26,2,26,177,2,0
2013-06-27,53,0,0,1,1,6,27,3,26,178,2,0
2013-06-28,61,0,0,1,1,6,28,4,26,179,2,0
2013-06-29,84,0,0,2,2,6,29,5,26,180,2,0
2013-06-30,77,0,0,1,1,6,30,6,26,181,2,0
2013-07-01,37,0,0,1,1,7,1,0,27,182,3,0
2013-07-02,27,0,0,0,0,7,2,1,27,183,3,0
2013-07-03,38,0,0,0,0,7,3,2,27,184,3,0
2013-07-04,22,0,0,0,0,7,4,3,27,185,3,0
2013-07-05,27,0,0,0,0,7,5,4,27,186,3,0
2013-07-06,51,0,0,2,1,7,6,5,27,187,3,0
2013-07-07,41,0,0,1,1,7,7,6,27,188,3,0
2013-07-08,37,0,0,0,0,7,8,0,28,189,3,0
2013-07-09,20,0,0,0,0,7,9,1,28,190,3,0
2013-07-10,28,0,0,0,0,7,10,2,28,191,3,0
2013-07-11,19,0,0,0,0,7,11,3,28,192,3,0
2013-07-12,29,0,0,0,0,7,12,4,28,193,3,0
2013-07-13,50,0,0,2,1,7,13,5,28,194,3,0
2013-07-14,45,0,0,2,2,7,14,6,28,195,3,0
2013-07-15,45,0,0,1,0,7,15,0,29,196,3,1
2013-07-16,47,0,0,0,0,7,16,1,29,197,3,0
2013-07-17,24,0,0,0,0,7,17,2,29,198,3,0
2013-07-18,31,0,0,0,0,7,18,3,29,199,3,0
2013-07-19,42,0,0,1,0,7,19,4,29,200,3,0
2013-07-20,47,0,0,1,1,7,20,5,29,201,3,0
2013-07-21,40,0,0,1,0,7,21,6,29,202,3,0
2013-07-22,31,0,0,0,0,7,22,0,30,203,3,0
2013-07-23,32,0,0,0,0,7,23,1,30,204,3,0
2013-07-24,28,0,0,0,0,7,24,2,30,205,3,0
2013-07-25,48,0,0,1,0,7,25,3,30,206,3,0
2013-07-26,51,0,0,1,1,7,26,4,30,207,3,0
2013-07-27,53,0,0,2,2,7,27,5,30,208,3,0
2013-07-28,57,0,0,2,1,7,28,6,30,209,3,0
2013-07-29,53,0,0,0,0,7,29,0,31,210,3,0
2013-07-30,57,0,0,1,1,7,30,1,31,211,3,0
2013-07-31,52,0,0,2,1,7,31,2,31,212,3,0
2013-08-01,48,0,0,1,0,8,1,3,31,213,3,0
2013-08-02,45,0,0,0,0,8,2,4,31,214,3,0
2013-08-03,43,0,0,2,1,8,3,5,31,215,3,0
2013-08-04,39,0,0,1,0,8,4,6,31,216,3,0
2013-08-05,39,0,0,0,0,8,5,0,32,217,3,0
2013-08-06,30,0,0,0,0,8,6,1,32,218,3,0
2013-08-07,30,0,0,0,0,8,7,2,32,219,3,0
2013-08-08,27,0,0,0,0,8,8,3,32,220,3,0
2013-08-09,30,0,0,0,0,8,9,4,32,221,3,0
2013-08-10,43,0,0,1,1,8,10,5,32,222,3,0
2013-08-11,49,0,0,1,0,8,11,6,32,223,3,0
2013-08-12,0,0,1,-1,-1,8,12,0,33,224,3,0
2013-08-13,39,0,0,0,0,8,13,1,33,225,3,0
2013-08-14,30,0,0,0,0,8,14,2,33,226,3,0
2013-08-15,40,0,0,0,0,8,15,3,33,227,3,0
2013-08-16,39,0,0,0,0,8,16,4,33,228,3,0
2013-08-17,37,0,0,1,0,8,17,5,33,229,3,0
2013-08-18,32,0,0,0,0,8,18,6,33,230,3,0
2013-08-19,30,0,0,0,0,8,19,0,34,231,3,0
2013-08-20,32,0,0,0,0,8,20,1,34,232,3,0
2013-08-21,30,0,0,0,0,8,21,2,34,233,3,0
2013-08-22,37,0,0,0,0,8,22,3,34,234,3,0
2013-08-23,39,0,0,0,0,8,23,4,34,235,3,0
2013-08-24,61,0,0,1,1,8,24,5,34,236,3,0
2013-08-25,52,0,0,1,1,8,25,6,34,237,3,0
2013-08-26,44,0,0,0,0,8,26,0,35,238,3,0
2013-08-27,46,0,0,0,0,8,27,1,35,239,3,0
2013-08-28,49,0,0,0,0,8,28,2,35,240,3,0
2013-08-29,50,0,0,1,0,8,29,3,35,241,3,0
2013-08-30,57,0,0,1,0,8,30,4,35,242,3,0
2013-08-31,66,0,0,2,2,8,31,5,35,243,3,0
2013-09-01,54,0,0,2,0,9,1,6,35,244,3,0
2013-09-02,42,0,0,1,0,9,2,0,36,245,3,0
2013-09-03,36,0,0,0,0,9,3,1,36,246,3,0
2013-09-04,24,0,0,0,0,9,4,2,36,247,3,0
2013-09-05,25,0,0,0,0,9,5,3,36,248,3,0
2013-09-06,23,0,0,0,0,9,6,4,36,249,3,0
2013-09-07,38,0,0,1,1,9,7,5,36,250,3,0
2013-09-08,34,0,0,1,1,9,8,6,36,251,3,0
2013-09-09,38,0,0,0,0,9,9,0,37,252,3,0
2013-09-10,33,0,0,0,0,9,10,1,37,253,3,0
2013-09-11,21,0,0,0,0,9,11,2,37,254,3,0
2013-09-12,29,0,0,0,0,9,12,3,37,255,3,0
2013-09-13,31,0,0,0,0,9,13,4,37,256,3,0
2013-09-14,45,0,0,2,1,9,14,5,37,257,3,0
2013-09-15,47,0,0,2,1,9,15,6,37,258,3,0
2013-09-16,31,0,0,0,0,9,16,0,38,259,3,1
2013-09-17,34,0,0,0,0,9,17,1,38,260,3,0
2013-09-18,27,0,0,0,0,9,18,2,38,261,3,0
2013-09-19,33,0,0,0,0,9,19,3,38,262,3,0
2013-09-20,50,0,0,0,0,9,20,4,38,263,3,0
2013-09-21,60,0,0,2,1,9,21,5,38,264,3,0
2013-09-22,60,0,0,2,2,9,22,6,38,265,3,0
2013-09-23,46,0,0,1,1,9,23,0,39,266,3,1
2013-09-24,63,0,0,0,0,9,24,1,39,267,3,0
2013-09-25,53,0,0,0,0,9,25,2,39,268,3,0
2013-09-26,63,0,0,1,0,9,26,3,39,269,3,0
2013-09-27,61,0,0,1,0,9,27,4,39,270,3,0
2013-09-28,58,0,0,2,1,9,28,5,39,271,3,0
2013-09-29,65,0,0,1,1,9,29,6,39,272,3,0
2013-09-30,62,0,0,1,0,9,30,0,40,273,3,0
2013-10-01,50,0,0,1,0,10,1,1,40,274,4,0
2013-10-02,52,0,0,1,0,10,2,2,40,275,4,0
2013-10-03,36,0,0,0,0,10,3,3,40,276,4,0
2013-10-04,40,0,0,0,0,10,4,4,40,277,4,0
2013-10-05,45,0,0,1,1,10,5,5,40,278,4,0
2013-10-06,39,0,0,1,0,10,6,6,40,279,4,0
2013-10-07,35,0,0,0,0,10,7,0,41,280,4,0
2013-10-08,22,0,0,0,0,10,8,1,41,281,4,0
2013-10-09,28,0,0,0,0,10,9,2,41,282,4,0
2013-10-10,43,0,0,0,0,10,10,3,41,283,4,0
2013-10-11,38,0,0,0,0,10,11,4,41,284,4,0
2013-10-12,46,0,0,1,1,10,12,5,41,285,4,0
2013-10-13,52,0,0,2,2,10,13,6,41,286,4,0
2013-10-14,8,0,0,1,0,10,14,0,42,287,4,1
2013-10-15,32,0,0,0,0,10,15,1,42,288,4,0
2013-10-16,29,0,0,0,0,10,16,2,42,289,4,0
2013-10-17,31,0,0,0,0,10,17,3,42,290,4,0
2013-10-18,32,0,0,0,0,10,18,4,42,291,4,0
2013-10-19,43,0,0,2,1,10,19,5,42,292,4,0
2013-10-20,48,0,0,1,1,10,20,6,42,293,4,0
2013-10-21,28,0,0,0,0,10,21,0,43,294,4,0
2013-10-22,35,0,0,0,0,10,22,1,43,295,4,0
2013-10-23,36,0,0,0,0,10,23,2,43,296,4,0
2013-10-24,39,0,0,0,0,10,24,3,43,297,4,0
2013-10-25,49,0,0,1,0,10,25,4,43,298,4,0
2013-10-26,52,0,0,2,1,10,26,5,43,299,4,0
2013-10-27,51,0,0,1,1,10,27,6,43,300,4,0
2013-10-28,46,0,0,1,0,10,28,0,44,301,4,0
2013-10-29,42,0,0,1,0,10,29,1,44,302,4,0
2013-10-30,41,0,0,1,0,10,30,2,44,303,4,0
2013-10-31,44,0,0,1,1,10,31,3,44,304,4,0
2013-11-01,48,0,0,1,0,11,1,4,44,305,4,0
2013-11-02,44,0,0,2,1,11,2,5,44,306,4,0
2013-11-03,37,0,0,1,2,11,3,6,44,307,4,1
2013-11-04,33,0,0,0,0,11,4,0,45,308,4,1
2013-11-05,36,0,0,0,0,11,5,1,45,309,4,0
2013-11-06,26,0,0,0,0,11,6,2,45,310,4,0
2013-11-07,22,0,0,0,0,11,7,3,45,311,4,0
2013-11-08,29,0,0,0,0,11,8,4,45,312,4,0
2013-11-09,38,0,0,1,0,11,9,5,45,313,4,0
2013-11-10,34,0,0,0,0,11,10,6,45,314,4,0
2013-11-11,20,0,0,0,0,11,11,0,46,315,4,0
2013-11-12,20,0,0,0,0,11,12,1,46,316,4,0
2013-11-13,18,0,0,0,0,11,13,2,46,317,4,0
2013-11-14,30,0,0,0,0,11,14,3,46,318,4,0
2013-11-15,25,0,0,0,0,11,15,4,46,319,4,0
2013-11-16,52,0,0,1,1,11,16,5,46,320,4,0
2013-11-17,35,0,0,0,0,11,17,6,46,321,4,0
2013-11-18,26,0,0,0,0,11,18,0,47,322,4,0
2013-11-19,21,0,0,0,0,11,19,1,47,323,4,0
2013-11-20,33,0,0,0,0,11,20,2,47,324,4,0
2013-11-21,29,0,0,0,0,11,21,3,47,325,4,0
2013-11-22,41,0,0,0,0,11,22,4,47,326,4,0
2013-11-23,44,0,0,1,1,11,23,5,47,327,4,1
2013-11-24,39,0,0,1,1,11,24,6,47,328,4,0
2013-11-25,41,0,0,0,0,11,25,0,48,329,4,0
2013-11-26,40,0,0,0,0,11,26,1,48,330,4,0
2013-11-27,39,0,0,0,0,11,27,2,48,331,4,0
2013-11-28,39,0,0,1,1,11,28,3,48,332,4,0
2013-11-29,48,0,0,1,1,11,29,4,48,333,4,0
2013-11-30,47,0,0,2,2,11,30,5,48,334,4,0
2013-12-01,39,0,0,2,1,12,1,6,48,335,4,0
2013-12-02,38,0,0,1,0,12,2,0,49,336,4,0
2013-12-03,37,0,0,1,0,12,3,1,49,337,4,0
2013-12-04,23,0,0,0,0,12,4,2,49,338,4,0
2013-12-05,27,0,0,0,0,12,5,3,49,339,4,0
2013-12-06,31,0,0,0,0,12,6,4,49,340,4,0
2013-12-07,44,0,0,1,1,12,7,5,49,341,4,0
2013-12-08,45,0,0,1,0,12,8,6,49,342,4,0
2013-12-09,32,0,0,0,0,12,9,0,50,343,4,0
2013-12-10,26,0,0,0,0,12,10,1,50,344,4,0
2013-12-11,16,0,0,0,0,12,11,2,50,345,4,0
2013-12-12,21,0,0,0,0,12,12,3,50,346,4,0
2013-12-13,41,0,0,0,0,12,13,4,50,347,4,0
2013-12-14,46,0,0,1,1,12,14,5,50,348,4,0
2013-12-15,44,0,0,1,0,12,15,6,50,349,4,0
2013-12-16,48,0,0,0,0,12,16,0,51,350,4,0
2013-12-17,31,0,0,0,0,12,17,1,51,351,4,0
2013-12-18,39,0,0,0,0,12,18,2,51,352,4,0
2013-12-19,42,0,0,0,0,12,19,3,51,353,4,0
2013-12-20,55,0,0,1,0,12,20,4,51,354,4,0
2013-12-21,45,0,0,2,1,12,21,5,51,355,4,0
2013-12-22,50,0,0,1,1,12,22,6,51,356,4,0
2013-12-23,47,0,0,1,1,12,23,0,52,357,4,1
2013-12-24,42,0,0,0,0,12,24,1,52,358,4,0
2013-12-25,35,0,0,0,0,12,25,2,52,359,4,0
2013-12-26,43,0,0,1,0,12,26,3,52,360,4,0
2013-12-27,29,0,0,1,1,12,27,4,52,361,4,0
2013-12-28,37,0,0,2,2,12,28,5,52,362,4,0
2013-12-29,46,0,0,2,2,12,29,6,52,363,4,0
2013-12-30,25,0,0,1,2,12,30,0,1,364,4,0
2013-12-31,0,0,1,-1,-1,12,31,1,1,365,4,0
2014-01-01,0,0,1,-1,-1,1,1,2,1,1,1,1
2014-01-02,0,0,1,-1,-1,1,2,3,1,2,1,0
2014-01-03,0,0,1,-1,-1,1,3,4,1,3,1,0
2014-01-04,34,0,0,0,0,1,4,5,1,4,1,0
2014-01-05,27,0,0,0,0,1,5,6,1,5,1,0
2014-01-06,31,0,0,0,0,1,6,0,2,6,1,0
2014-01-07,16,0,0,0,0,1,7,1,2,7,1,0
2014-01-08,20,0,0,0,0,1,8,2,2,8,1,0
2014-01-09,15,0,0,0,0,1,9,3,2,9,1,0
2014-01-10,35,0,0,0,0,1,10,4,2,10,1,0
2014-01-11,42,0,0,0,0,1,11,5,2,11,1,0
2014-01-12,44,0,0,0,0,1,12,6,2,12,1,0
2014-01-13,17,0,0,0,0,1,13,0,3,13,1,1
2014-01-14,25,0,0,0,0,1,14,1,3,14,1,0
2014-01-15,30,0,0,0,0,1,15,2,3,15,1,0
2014-01-16,36,0,0,0,0,1,16,3,3,16,1,0
2014-01-17,32,0,0,0,0,1,17,4,3,17,1,0
2014-01-18,50,0,0,1,1,1,18,5,3,18,1,0
2014-01-19,40,0,0,0,0,1,19,6,3,19,1,0
2014-01-20,33,0,0,0,0,1,20,0,4,20,1,0
2014-01-21,28,0,0,0,0,1,21,1,4,21,1,0
2014-01-22,33,0,0,0,0,1,22,2,4,22,1,0
2014-01-23,24,0,0,0,0,1,23,3,4,23,1,0
2014-01-24,46,0,0,1,0,1,24,4,4,24,1,0
2014-01-25,48,0,0,2,1,1,25,5,4,25,1,0
2014-01-26,40,0,0,1,1,1,26,6,4,26,1,0
2014-01-27,37,0,0,0,0,1,27,0,5,27,1,0
2014-01-28,34,0,0,0,0,1,28,1,5,28,1,0
2014-01-29,34,0,0,0,0,1,29,2,5,29,1,0
2014-01-30,45,0,0,1,1,1,30,3,5,30,1,0
2014-01-31,48,0,0,1,1,1,31,4,5,31,1,0
2014-02-01,50,0,0,2,1,2,1,5,5,32,1,0
2014-02-02,44,0,0,1,0,2,2,6,5,33,1,0
2014-02-03,31,0,0,1,1,2,3,0,6,34,1,0
2014-02-04,38,0,0,0,0,2,4,1,6,35,1,0
2014-02-05,24,0,0,0,0,2,5,2,6,36,1,0
2014-02-06,33,0,0,0,0,2,6,3,6,37,1,0
2014-02-07,32,0,0,1,1,2,7,4,6,38,1,0
2014-02-08,32,0,0,1,1,2,8,5,6,39,1,0
2014-02-09,43,0,0,1,0,2,9,6,6,40,1,0
2014-02-10,52,0,0,0,0,2,10,0,7,41,1,0
2014-02-11,44,0,0,0,0,2,11,1,7,42,1,1
2014-02-12,40,0,0,0,0,2,12,2,7,43,1,0
2014-02-13,40,0,0,0,0,2,13,3,7,44,1,0
2014-02-14,31,0,0,1,0,2,14,4,7,45,1,0
2014-02-15,44,0,0,2,2,2,15,5,7,46,1,0
2014-02-16,49,0,0,2,1,2,16,6,7,47,1,0
2014-02-17,42,0,0,0,0,2,17,0,8,48,1,0
2014-02-18,40,0,0,0,0,2,18,1,8,49,1,0
2014-02-19,38,0,0,0,0,2,19,2,8,50,1,0
2014-02-20,37,0,0,0,0,2,20,3,8,51,1,0
2014-02-21,44,0,0,1,1,2,21,4,8,52,1,0
2014-02-22,50,0,0,3,2,2,22,5,8,53,1,0
2014-02-23,55,0,0,2,2,2,23,6,8,54,1,0
2014-02-24,53,0,0,1,1,2,24,0,9,55,1,0
2014-02-25,53,0,0,1,0,2,25,1,9,56,1,0
2014-02-26,51,0,0,1,0,2,26,2,9,57,1,0
2014-02-27,51,0,0,1,1,2,27,3,9,58,1,0
2014-02-28,56,0,0,2,2,2,28,4,9,59,1,0
2014-03-01,55,0,0,2,2,3,1,5,9,60,1,0
2014-03-02,48,0,0,1,1,3,2,6,9,61,1,0
2014-03-03,45,0,0,1,0,3,3,0,10,62,1,0
2014-03-04,43,0,0,1,1,3,4,1,10,63,1,0
2014-03-05,45,0,0,0,0,3,5,2,10,64,1,0
2014-03-06,46,0,0,0,0,3,6,3,10,65,1,0
2014-03-07,57,0,0,0,0,3,7,4,10,66,1,0
2014-03-08,42,0,0,2,1,3,8,5,10,67,1,0
2014-03-09,53,0,0,1,0,3,9,6,10,68,1,0
2014-03-10,42,0,0,0,0,3,10,0,11,69,1,0
2014-03-11,42,0,0,0,0,3,11,1,11,70,1,0
2014-03-12,53,0,0,0,0,3,12,2,11,71,1,0
2014-03-13,56,0,0,1,0,3,13,3,11,72,1,0
2014-03-14,43,0,0,1,1,3,14,4,11,73,1,0
2014-03-15,70,0,0,3,2,3,15,5,11,74,1,0
2014-03-16,84,0,0,3,2,3,16,6,11,75,1,0
2014-03-17,77,0,0,2,1,3,17,0,12,76,1,0
2014-03-18,75,0,0,2,1,3,18,1,12,77,1,0
2014-03-19,63,0,0,2,2,3,19,2,12,78,1,0
2014-03-20,81,0,0,2,2,3,20,3,12,79,1,0
2014-03-21,78,0,0,3,3,3,21,4,12,80,1,1
2014-03-22,69,0,0,5,4,3,22,5,12,81,1,0
2014-03-23,77,0,0,4,3,3,23,6,12,82,1,0
2014-03-24,81,0,0,3,3,3,24,0,13,83,1,0
2014-03-25,72,0,0,5,5,3,25,1,13,84,1,0
2014-03-26,88,0,0,5,5,3,26,2,13,85,1,0
2014-03-27,69,0,0,5,4,3,27,3,13,86,1,0
2014-03-28,62,0,0,4,4,3,28,4,13,87,1,0
2014-03-29,58,0,0,5,5,3,29,5,13,88,1,0
2014-03-30,46,0,0,5,5,3,30,6,13,89,1,0
2014-03-31,53,0,0,4,5,3,31,0,14,90,1,0
2014-04-01,44,0,0,4,4,4,1,1,14,91,2,0
2014-04-02,41,0,0,3,2,4,2,2,14,92,2,0
2014-04-03,57,0,0,1,1,4,3,3,14,93,2,0
2014-04-04,48,0,0,1,1,4,4,4,14,94,2,0
2014-04-05,56,0,0,5,4,4,5,5,14,95,2,0
2014-04-06,45,0,0,4,3,4,6,6,14,96,2,0
2014-04-07,48,0,0,1,1,4,7,0,15,97,2,0
2014-04-08,45,0,0,1,0,4,8,1,15,98,2,0
2014-04-09,41,0,0,0,0,4,9,2,15,99,2,0
2014-04-10,45,0,0,0,0,4,10,3,15,100,2,0
2014-04-11,45,0,0,1,1,4,11,4,15,101,2,0
2014-04-12,60,0,0,3,2,4,12,5,15,102,2,0
2014-04-13,56,0,0,2,1,4,13,6,15,103,2,0
2014-04-14,38,0,0,0,0,4,14,0,16,104,2,0
2014-04-15,32,0,0,0,0,4,15,1,16,105,2,0
2014-04-16,44,0,0,0,0,4,16,2,16,106,2,0
2014-04-17,23,0,0,0,0,4,17,3,16,107,2,0
2014-04-18,38,0,0,1,0,4,18,4,16,108,2,0
2014-04-19,52,0,0,2,2,4,19,5,16,109,2,0
2014-04-20,48,0,0,2,1,4,20,6,16,110,2,0
2014-04-21,45,0,0,0,0,4,21,0,17,111,2,0
2014-04-22,39,0,0,0,0,4,22,1,17,112,2,0
2014-04-23,32,0,0,0,0,4,23,2,17,113,2,0
2014-04-24,47,0,0,0,0,4,24,3,17,114,2,0
2014-04-25,47,0,0,1,1,4,25,4,17,115,2,0
2014-04-26,51,0,0,4,3,4,26,5,17,116,2,0
2014-04-27,58,0,0,2,2,4,27,6,17,117,2,0
2014-04-28,54,0,0,1,1,4,28,0,18,118,2,0
2014-04-29,56,0,0,2,1,4,29,1,18,119,2,1
2014-04-30,47,0,0,2,1,4,30,2,18,120,2,0
2014-05-01,47,0,0,1,0,5,1,3,18,121,2,0
2014-05-02,33,0,0,0,0,5,2,4,18,122,2,0
2014-05-03,34,0,0,2,1,5,3,5,18,123,2,1
2014-05-04,37,0,0,2,0,5,4,6,18,124,2,1
2014-05-05,39,0,0,1,0,5,5,0,19,125,2,1
2014-05-06,30,0,0,0,0,5,6,1,19,126,2,1
2014-05-07,28,0,0,0,0,5,7,2,19,127,2,0
2014-05-08,24,0,0,0,0,5,8,3,19,128,2,0
2014-05-09,27,0,0,0,0,5,9,4,19,129,2,0
2014-05-10,41,0,0,1,0,5,10,5,19,130,2,0
2014-05-11,28,0,0,0,0,5,11,6,19,131,2,0
2014-05-12,21,0,0,0,0,5,12,0,20,132,2,0
2014-05-13,18,0,0,0,0,5,13,1,20,133,2,0
2014-05-14,24,0,0,0,0,5,14,2,20,134,2,0
2014-05-15,28,0,0,0,0,5,15,3,20,135,2,0
2014-05-16,19,0,0,0,0,5,16,4,20,136,2,0
2014-05-17,43,0,0,1,1,5,17,5,20,137,2,0
2014-05-18,42,0,0,1,0,5,18,6,20,138,2,0
2014-05-19,27,0,0,0,0,5,19,0,21,139,2,0
2014-05-20,19,1,0,0,0,5,20,1,21,140,2,0
2014-05-21,32,0,0,0,0,5,21,2,21,141,2,0
2014-05-22,29,0,0,0,0,5,22,3,21,142,2,0
2014-05-23,30,0,0,1,0,5,23,4,21,143,2,0
2014-05-24,45,0,0,2,1,5,24,5,21,144,2,0
2014-05-25,35,0,0,1,1,5,25,6,21,145,2,0
2014-05-26,34,0,0,1,0,5,26,0,22,146,2,0
2014-05-27,36,0,0,1,0,5,27,1,22,147,2,0
2014-05-28,37,0,0,1,0,5,28,2,22,148,2,0
2014-05-29,45,0,0,1,1,5,29,3,22,149,2,0
2014-05-30,36,0,0,1,1,5,30,4,22,150,2,0
2014-05-31,49,0,0,2,2,5,31,5,22,151,2,0
2014-06-01,45,0,0,1,1,6,1,6,22,152,2,0
2014-06-02,35,0,0,0,0,6,2,0,23,153,2,0
2014-06-03,24,0,0,0,0,6,3,1,23,154,2,0
2014-06-04,24,0,0,0,0,6,4,2,23,155,2,0
2014-06-05,26,0,0,0,0,6,5,3,23,156,2,0
2014-06-06,34,0,0,0,0,6,6,4,23,157,2,0
2014-06-07,36,0,0,2,1,6,7,5,23,158,2,0
2014-06-08,32,0,0,1,0,6,8,6,23,159,2,0
2014-06-09,27,0,0,0,0,6,9,0,24,160,2,0
2014-06-10,26,0,0,0,0,6,10,1,24,161,2,0
2014-06-11,16,0,0,0,0,6,11,2,24,162,2,0
2014-06-12,16,0,0,0,0,6,12,3,24,163,2,0
2014-06-13,30,0,0,0,0,6,13,4,24,164,2,0
2014-06-14,45,1,0,1,1,6,14,5,24,165,2,0
2014-06-15,40,0,0,1,0,6,15,6,24,166,2,0
2014-06-16,35,0,0,0,0,6,16,0,25,167,2,0
2014-06-17,26,0,0,0,0,6,17,1,25,168,2,0
2014-06-18,22,0,0,0,0,6,18,2,25,169,2,0
2014-06-19,26,0,0,0,0,6,19,3,25,170,2,0
2014-06-20,35,0,0,0,0,6,20,4,25,171,2,0
2014-06-21,48,0,0,1,1,6,21,5,25,172,2,0
2014-06-22,46,0,0,2,1,6,22,6,25,173,2,0
2014-06-23,42,0,0,0,0,6,23,0,26,174,2,0
2014-06-24,34,0,0,0,0,6,24,1,26,175,2,0
2014-06-25,35,0,0,0,0,6,25,2,26,176,2,0
2014-06-26,33,0,0,0,0,6,26,3,26,177,2,0
2014-06-27,48,0,0,1,1,6,27,4,26,178,2,0
2014-06-28,56,0,0,2,2,6,28,5,26,179,2,0
2014-06-29,58,0,0,2,0,6,29,6,26,180,2,0
2014-06-30,52,0,0,1,1,6,30,0,27,181,2,0
2014-07-01,48,0,0,1,1,7,1,1,27,182,3,0
2014-07-02,39,0,0,1,0,7,2,2,27,183,3,0
2014-07-03,26,0,0,0,0,7,3,3,27,184,3,0
2014-07-04,38,0,0,0,0,7,4,4,27,185,3,0
2014-07-05,38,0,0,2,1,7,5,5,27,186,3,0
2014-07-06,46,0,0,1,1,7,6,6,27,187,3,0
2014-07-07,34,0,0,0,0,7,7,0,28,188,3,0
2014-07-08,34,0,0,0,0,7,8,1,28,189,3,0
2014-07-09,27,0,0,0,0,7,9,2,28,190,3,0
2014-07-10,30,1,0,0,0,7,10,3,28,191,3,0
2014-07-11,31,0,0,0,0,7,11,4,28,192,3,0
2014-07-12,46,0,0,2,0,7,12,5,28,193,3,0
2014-07-13,47,0,0,1,1,7,13,6,28,194,3,0
2014-07-14,34,0,0,0,0,7,14,0,29,195,3,0
2014-07-15,33,0,0,0,0,7,15,1,29,196,3,0
2014-07-16,34,0,0,0,0,7,16,2,29,197,3,0
2014-07-17,32,0,0,0,0,7,17,3,29,198,3,0
2014-07-18,31,0,0,1,0,7,18,4,29,199,3,0
2014-07-19,41,1,0,2,1,7,19,5,29,200,3,0
2014-07-20,46,0,0,2,1,7,20,6,29,201,3,0
2014-07-21,49,0,0,0,0,7,21,0,30,202,3,1
2014-07-22,39,0,0,0,0,7,22,1,30,203,3,0
2014-07-23,40,1,0,0,0,7,23,2,30,204,3,0
2014-07-24,44,0,0,0,0,7,24,3,30,205,3,0
2014-07-25,34,0,0,1,1,7,25,4,30,206,3,0
2014-07-26,44,0,0,3,2,7,26,5,30,207,3,0
2014-07-27,45,0,0,2,2,7,27,6,30,208,3,0
2014-07-28,45,0,0,1,1,7,28,0,31,209,3,0
2014-07-29,48,0,0,1,1,7,29,1,31,210,3,0
2014-07-30,43,0,0,1,1,7,30,2,31,211,3,0
2014-07-31,42,0,0,2,1,7,31,3,31,212,3,0
2014-08-01,42,0,0,1,1,8,1,4,31,213,3,0
2014-08-02,39,0,0,2,1,8,2,5,31,214,3,0
2014-08-03,43,0,0,1,1,8,3,6,31,215,3,0
2014-08-04,37,0,0,0,0,8,4,0,32,216,3,0
2014-08-05,35,0,0,0,0,8,5,1,32,217,3,0
2014-08-06,26,0,0,0,0,8,6,2,32,218,3,0
2014-08-07,31,0,0,0,0,8,7,3,32,219,3,0
2014-08-08,29,0,0,0,0,8,8,4,32,220,3,0
2014-08-09,44,0,0,1,1,8,9,5,32,221,3,0
2014-08-10,40,0,0,1,0,8,10,6,32,222,3,0
2014-08-11,37,0,0,0,0,8,11,0,33,223,3,0
2014-08-12,0,0,1,-1,-1,8,12,1,33,224,3,0
2014-08-13,42,0,0,0,0,8,13,2,33,225,3,0
2014-08-14,36,0,0,0,0,8,14,3,33,226,3,0
2014-08-15,33,0,0,0,0,8,15,4,33,227,3,0
2014-08-16,37,0,0,0,0,8,16,5,33,228,3,0
2014-08-17,36,0,0,0,0,8,17,6,33,229,3,0
2014-08-18,31,0,0,0,0,8,18,0,34,230,3,0
2014-08-19,33,0,0,0,0,8,19,1,34,231,3,0
2014-08-20,29,0,0,0,0,8,20,2,34,232,3,0
2014-08-21,27,0,0,0,0,8,21,3,34,233,3,0
2014-08-22,28,0,0,0,0,8,22,4,34,234,3,0
2014-08-23,43,0,0,1,1,8,23,5,34,235,3,0
2014-08-24,48,0,0,1,1,8,24,6,34,236,3,0
2014-08-25,38,0,0,0,0,8,25,0,35,237,3,0
2014-08-26,48,0,0,0,0,8,26,1,35,238,3,0
2014-08-27,41,0,0,0,0,8,27,2,35,239,3,0
2014-08-28,47,0,0,1,1,8,28,3,35,240,3,0
2014-08-29,53,0,0,1,1,8,29,4,35,241,3,0
2014-08-30,49,0,0,2,1,8,30,5,35,242,3,0
2014-08-31,57,0,0,1,1,8,31,6,35,243,3,0
2014-09-01,45,0,0,1,1,9,1,0,36,244,3,0
2014-09-02,24,0,0,0,0,9,2,1,36,245,3,0
2014-09-03,29,0,0,0,0,9,3,2,36,246,3,0
2014-09-04,27,0,0,0,0,9,4,3,36,247,3,0
2014-09-05,30,0,0,1,0,9,5,4,36,248,3,0
2014-09-06,37,0,0,1,1,9,6,5,36,249,3,0
2014-09-07,36,0,0,1,1,9,7,6,36,250,3,0
2014-09-08,24,0,0,0,0,9,8,0,37,251,3,0
2014-09-09,26,0,0,0,0,9,9,1,37,252,3,0
2014-09-10,36,0,0,0,0,9,10,2,37,253,3,0
2014-09-11,38,0,0,0,0,9,11,3,37,254,3,0
2014-09-12,34,0,0,0,0,9,12,4,37,255,3,0
2014-09-13,39,0,0,2,1,9,13,5,37,256,3,0
2014-09-14,42,0,0,2,2,9,14,6,37,257,3,0
2014-09-15,35,0,0,1,0,9,15,0,38,258,3,1
2014-09-16,38,0,0,0,0,9,16,1,38,259,3,0
2014-09-17,29,0,0,0,0,9,17,2,38,260,3,0
2014-09-18,34,0,0,0,0,9,18,3,38,261,3,0
2014-09-19,33,1,0,0,0,9,19,4,38,262,3,0
2014-09-20,50,0,0,2,1,9,20,5,38,263,3,0
2014-09-21,51,0,0,2,2,9,21,6,38,264,3,0
2014-09-22,47,0,0,1,1,9,22,0,39,265,3,0
2014-09-23,49,0,0,1,0,9,23,1,39,266,3,1
2014-09-24,51,0,0,0,0,9,24,2,39,267,3,0
2014-09-25,48,0,0,0,0,9,25,3,39,268,3,0
2014-09-26,44,0,0,1,1,9,26,4,39,269,3,0
2014-09-27,54,0,0,3,2,9,27,5,39,270,3,0
2014-09-28,57,0,0,2,2,9,28,6,39,271,3,0
2014-09-29,48,0,0,1,1,9,29,0,40,272,3,0
2014-09-30,56,1,0,1,1,9,30,1,40,273,3,0
2014-10-01,41,0,0,1,0,10,1,2,40,274,4,0
2014-10-02,36,0,0,1,0,10,2,3,40,275,4,0
2014-10-03,40,0,0,0,0,10,3,4,40,276,4,0
2014-10-04,57,0,0,2,1,10,4,5,40,277,4,0
2014-10-05,43,0,0,1,0,10,5,6,40,278,4,0
2014-10-06,29,0,0,0,0,10,6,0,41,279,4,0
2014-10-07,29,0,0,0,0,10,7,1,41,280,4,0
2014-10-08,37,0,0,0,0,10,8,2,41,281,4,0
2014-10-09,28,0,0,0,0,10,9,3,41,282,4,0
2014-10-10,39,0,0,0,0,10,10,4,41,283,4,0
2014-10-11,47,0,0,2,1,10,11,5,41,284,4,0
2014-10-12,44,1,0,2,2,10,12,6,41,285,4,0
2014-10-13,28,1,0,0,0,10,13,0,42,286,4,1
2014-10-14,37,0,0,0,0,10,14,1,42,287,4,0
2014-10-15,38,0,0,0,0,10,15,2,42,288,4,0
2014-10-16,36,0,0,0,0,10,16,3,42,289,4,0
2014-10-17,35,0,0,0,0,10,17,4,42,290,4,0
2014-10-18,49,0,0,1,1,10,18,5,42,291,4,0
2014-10-19,41,0,0,1,0,10,19,6,42,292,4,0
2014-10-20,41,0,0,1,0,10,20,0,43,293,4,0
2014-10-21,25,0,0,0,0,10,21,1,43,294,4,0
2014-10-22,33,0,0,0,0,10,22,2,43,295,4,0
2014-10-23,38,0,0,0,0,10,23,3,43,296,4,0
2014-10-24,38,0,0,1,0,10,24,4,43,297,4,0
2014-10-25,41,0,0,2,1,10,25,5,43,298,4,0
2014-10-26,53,0,0,2,1,10,26,6,43,299,4,0
2014-10-27,43,0,0,1,1,10,27,0,44,300,4,0
2014-10-28,35,0,0,1,1,10,28,1,44,301,4,0
2014-10-29,42,0,0,1,1,10,29,2,44,302,4,0
2014-10-30,47,0,0,1,1,10,30,3,44,303,4,0
2014-10-31,53,0,0,2,1,10,31,4,44,304,4,0
2014-11-01,58,0,0,2,1,11,1,5,44,305,4,0
2014-11-02,50,0,0,1,1,11,2,6,44,306,4,0
2014-11-03,41,0,0,0,0,11,3,0,45,307,4,1
2014-11-04,36,0,0,0,0,11,4,1,45,308,4,0
2014-11-05,26,0,0,0,0,11,5,2,45,309,4,0
2014-11-06,24,0,0,0,0,11,6,3,45,310,4,0
2014-11-07,33,0,0,0,0,11,7,4,45,311,4,0
2014-11-08,31,0,0,1,1,11,8,5,45,312,4,0
2014-11-09,25,0,0,0,0,11,9,6,45,313,4,0
2014-11-10,27,0,0,0,0,11,10,0,46,314,4,0
2014-11-11,22,0,0,0,0,11,11,1,46,315,4,0
2014-11-12,17,0,0,0,0,11,12,2,46,316,4,0
2014-11-13,20,0,0,0,0,11,13,3,46,317,4,0
2014-11-14,31,0,0,0,0,11,14,4,46,318,4,0
2014-11-15,45,0,0,1,1,11,15,5,46,319,4,0
2014-11-16,33,0,0,0,0,11,16,6,46,320,4,0
2014-11-17,35,0,0,0,0,11,17,0,47,321,4,0
2014-11-18,34,0,0,0,0,11,18,1,47,322,4,0
2014-11-19,40,0,0,0,0,11,19,2,47,323,4,0
2014-11-20,43,0,0,0,0,11,20,3,47,324,4,0
2014-11-21,45,0,0,0,0,11,21,4,47,325,4,0
2014-11-22,46,0,0,2,1,11,22,5,47,326,4,0
2014-11-23,39,0,0,2,2,11,23,6,47,327,4,1
2014-11-24,38,0,0,1,0,11,24,0,48,328,4,1
2014-11-25,44,0,0,0,0,11,25,1,48,329,4,0
2014-11-26,44,0,0,0,0,11,26,2,48,330,4,0
2014-11-27,47,0,0,1,0,11,27,3,48,331,4,0
2014-11-28,53,1,0,1,1,11,28,4,48,332,4,0
2014-11-29,50,1,0,2,2,11,29,5,48,333,4,0
2014-11-30,59,1,0,2,1,11,30,6,48,334,4,0
2014-12-01,34,1,0,1,1,12,1,0,49,335,4,0
2014-12-02,36,1,0,2,0,12,2,1,49,336,4,0
2014-12-03,36,1,0,0,0,12,3,2,49,337,4,0
2014-12-04,32,1,0,0,0,12,4,3,49,338,4,0
2014-12-05,31,1,0,1,1,12,5,4,49,339,4,0
2014-12-06,39,1,0,2,1,12,6,5,49,340,4,0
2014-12-07,39,1,0,1,0,12,7,6,49,341,4,0
2014-12-08,34,1,0,0,0,12,8,0,50,342,4,0
2014-12-09,22,1,0,0,0,12,9,1,50,343,4,0
2014-12-10,29,1,0,0,0,12,10,2,50,344,4,0
2014-12-11,25,1,0,0,0,12,11,3,50,345,4,0
2014-12-12,35,1,0,1,0,12,12,4,50,346,4,0
2014-12-13,39,1,0,1,1,12,13,5,50,347,4,0
2014-12-14,35,1,0,1,0,12,14,6,50,348,4,0
2014-12-15,28,1,0,0,0,12,15,0,51,349,4,0
2014-12-16,40,1,0,0,0,12,16,1,51,350,4,0
2014-12-17,41,1,0,0,0,12,17,2,51,351,4,0
2014-12-18,35,1,0,0,0,12,18,3,51,352,4,0
2014-12-19,37,0,0,1,0,12,19,4,51,353,4,0
2014-12-20,39,1,0,2,1,12,20,5,51,354,4,0
2014-12-21,49,1,0,2,2,12,21,6,51,355,4,0
2014-12-22,43,1,0,1,1,12,22,0,52,356,4,0
2014-12-23,46,0,0,1,0,12,23,1,52,357,4,1
2014-12-24,45,1,0,0,0,12,24,2,52,358,4,0
2014-12-25,52,1,0,0,0,12,25,3,52,359,4,0
2014-12-26,41,1,0,1,0,12,26,4,52,360,4,0
2014-12-27,37,1,0,3,2,12,27,5,52,361,4,0
2014-12-28,38,1,0,2,2,12,28,6,52,362,4,0
2014-12-29,42,0,0,1,1,12,29,0,1,363,4,0
2014-12-30,17,0,0,1,2,12,30,1,1,364,4,0
2014-12-31,0,0,1,-1,-1,12,31,2,1,365,4,0
2015-01-01,0,0,1,-1,-1,1,1,3,1,1,1,1
2015-01-02,0,0,1,-1,-1,1,2,4,1,2,1,0
2015-01-03,0,0,1,-1,-1,1,3,5,1,3,1,0
2015-01-04,36,0,0,0,0,1,4,6,1,4,1,0
2015-01-05,20,0,0,0,0,1,5,0,2,5,1,0
2015-01-06,20,0,0,0,0,1,6,1,2,6,1,0
2015-01-07,19,0,0,0,0,1,7,2,2,7,1,0
2015-01-08,24,1,0,0,0,1,8,3,2,8,1,0
2015-01-09,30,0,0,0,0,1,9,4,2,9,1,0
2015-01-10,46,1,0,0,0,1,10,5,2,10,1,0
2015-01-11,39,1,0,0,0,1,11,6,2,11,1,0
2015-01-12,30,0,0,0,0,1,12,0,3,12,1,1
2015-01-13,29,0,0,0,0,1,13,1,3,13,1,0
2015-01-14,29,1,0,0,0,1,14,2,3,14,1,0
2015-01-15,30,1,0,0,0,1,15,3,3,15,1,0
2015-01-16,33,0,0,0,0,1,16,4,3,16,1,0
2015-01-17,41,0,0,1,0,1,17,5,3,17,1,0
2015-01-18,35,0,0,0,0,1,18,6,3,18,1,0
2015-01-19,32,0,0,0,0,1,19,0,4,19,1,0
2015-01-20,29,0,0,0,0,1,20,1,4,20,1,0
2015-01-21,25,0,0,0,0,1,21,2,4,21,1,0
2015-01-22,30,1,0,0,0,1,22,3,4,22,1,0
2015-01-23,31,0,0,1,0,1,23,4,4,23,1,0
2015-01-24,56,0,0,1,1,1,24,5,4,24,1,0
2015-01-25,48,0,0,1,1,1,25,6,4,25,1,0
2015-01-26,36,0,0,0,0,1,26,0,5,26,1,0
2015-01-27,37,0,0,0,0,1,27,1,5,27,1,0
2015-01-28,44,0,0,0,0,1,28,2,5,28,1,0
2015-01-29,37,0,0,1,0,1,29,3,5,29,1,0
2015-01-30,50,0,0,1,1,1,30,4,5,30,1,0
2015-01-31,63,1,0,2,1,1,31,5,5,31,1,0
2015-02-01,49,0,0,2,1,2,1,6,5,32,1,0
2015-02-02,39,0,0,1,0,2,2,0,6,33,1,0
2015-02-03,33,0,0,0,0,2,3,1,6,34,1,0
2015-02-04,33,0,0,0,0,2,4,2,6,35,1,0
2015-02-05,22,0,0,0,0,2,5,3,6,36,1,0
2015-02-06,31,1,0,1,0,2,6,4,6,37,1,0
2015-02-07,40,0,0,2,1,2,7,5,6,38,1,0
2015-02-08,44,0,0,1,1,2,8,6,6,39,1,0
2015-02-09,39,0,0,0,0,2,9,0,7,40,1,0
2015-02-10,43,0,0,0,0,2,10,1,7,41,1,0
2015-02-11,36,0,0,0,0,2,11,2,7,42,1,1
2015-02-12,35,0,0,0,0,2,12,3,7,43,1,0
2015-02-13,31,0,0,0,0,2,13,4,7,44,1,0
2015-02-14,53,0,0,1,1,2,14,5,7,45,1,0
2015-02-15,47,0,0,1,0,2,15,6,7,46,1,0
2015-02-16,45,0,0,0,0,2,16,0,8,47,1,0
2015-02-17,35,0,0,0,0,2,17,1,8,48,1,0
2015-02-18,50,1,0,0,0,2,18,2,8,49,1,0
2015-02-19,35,0,0,0,0,2,19,3,8,50,1,0
2015-02-20,45,0,0,1,0,2,20,4,8,51,1,0
2015-02-21,64,0,0,2,2,2,21,5,8,52,1,0
2015-02-22,53,0,0,2,1,2,22,6,8,53,1,0
2015-02-23,60,1,0,1,1,2,23,0,9,54,1,0
2015-02-24,48,0,0,0,0,2,24,1,9,55,1,0
2015-02-25,53,0,0,1,0,2,25,2,9,56,1,0
2015-02-26,57,0,0,1,1,2,26,3,9,57,1,0
2015-02-27,72,1,0,1,1,2,27,4,9,58,1,0
2015-02-28,86,0,0,3,2,2,28,5,9,59,1,0
2015-03-01,61,0,0,2,1,3,1,6,9,60,1,0
2015-03-02,42,0,0,1,1,3,2,0,10,61,1,0
2015-03-03,51,0,0,1,0,3,3,1,10,62,1,0
2015-03-04,46,0,0,1,0,3,4,2,10,63,1,0
2015-03-05,47,0,0,1,0,3,5,3,10,64,1,0
2015-03-06,53,0,0,1,1,3,6,4,10,65,1,0
2015-03-07,41,1,0,2,1,3,7,5,10,66,1,0
2015-03-08,48,0,0,1,1,3,8,6,10,67,1,0
2015-03-09,46,0,0,0,0,3,9,0,11,68,1,0
2015-03-10,49,0,0,0,0,3,10,1,11,69,1,0
2015-03-11,54,0,0,0,0,3,11,2,11,70,1,0
2015-03-12,56,0,0,1,1,3,12,3,11,71,1,0
2015-03-13,53,0,0,1,1,3,13,4,11,72,1,0
2015-03-14,72,1,0,2,2,3,14,5,11,73,1,0
2015-03-15,68,1,0,2,2,3,15,6,11,74,1,0
2015-03-16,91,0,0,2,2,3,16,0,12,75,1,0
2015-03-17,93,0,0,1,1,3,17,1,12,76,1,0
2015-03-18,84,0,0,1,1,3,18,2,12,77,1,0
2015-03-19,97,0,0,1,1,3,19,3,12,78,1,0
2015-03-20,88,0,0,1,1,3,20,4,12,79,1,0
2015-03-21,83,1,0,3,3,3,21,5,12,80,1,1
2015-03-22,84,0,0,3,2,3,22,6,12,81,1,0
2015-03-23,88,0,0,4,2,3,23,0,13,82,1,0
2015-03-24,109,0,0,5,2,3,24,1,13,83,1,0
2015-03-25,78,0,0,5,4,3,25,2,13,84,1,0
2015-03-26,85,0,0,4,4,3,26,3,13,85,1,0
2015-03-27,95,0,0,4,4,3,27,4,13,86,1,0
2015-03-28,88,1,0,5,5,3,28,5,13,87,1,0
2015-03-29,96,0,0,5,4,3,29,6,13,88,1,0
2015-03-30,87,1,0,4,3,3,30,0,14,89,1,0
2015-03-31,75,1,0,4,3,3,31,1,14,90,1,0
