,ds,y,client,close,price_am,price_pm,Month,WeekOfYear,DayOfYear,Kyureki,busy,rain
0,2010-07-01,17,0,0,1,0,7,26,182,2.0,0,0.25
1,2010-07-02,18,0,0,0,0,7,26,183,3.0,0,0.0
2,2010-07-03,20,0,0,1,1,7,26,184,4.0,0,1.25
3,2010-07-04,20,0,0,1,1,7,26,185,5.0,0,6.5
4,2010-07-05,14,0,0,0,0,7,27,186,0.0,0,8.75
5,2010-07-06,14,0,0,0,0,7,27,187,1.0,0,0.375
6,2010-07-07,4,0,0,0,0,7,27,188,2.0,0,9.625
7,2010-07-08,10,0,0,0,0,7,27,189,3.0,0,0.0
8,2010-07-09,12,0,0,0,0,7,27,190,4.0,0,15.125
9,2010-07-10,21,0,0,1,1,7,27,191,5.0,0,0.0
10,2010-07-11,15,0,0,1,0,7,27,192,0.0,0,1.75
11,2010-07-12,11,0,0,0,0,7,28,193,2.0,0,0.75
12,2010-07-13,8,0,0,0,0,7,28,194,3.0,0,7.875
13,2010-07-14,13,0,0,0,0,7,28,195,4.0,0,1.125
14,2010-07-15,8,0,0,0,0,7,28,196,5.0,0,0.0
15,2010-07-16,16,0,0,0,0,7,28,197,0.0,0,0.0
16,2010-07-17,23,0,0,2,1,7,28,198,1.0,0,0.0
17,2010-07-18,25,0,0,1,1,7,28,199,2.0,0,0.0
18,2010-07-19,18,0,0,1,0,7,29,200,3.0,0,0.0
19,2010-07-20,21,0,0,0,0,7,29,201,4.0,0,0.0
20,2010-07-21,9,0,0,0,0,7,29,202,5.0,0,0.0
21,2010-07-22,8,0,0,0,0,7,29,203,0.0,0,1.25
22,2010-07-23,12,0,0,1,0,7,29,204,1.0,0,2.5
23,2010-07-24,23,0,0,2,1,7,29,205,2.0,0,0.25
24,2010-07-25,18,0,0,2,1,7,29,206,3.0,0,0.5
25,2010-07-26,18,0,0,1,0,7,30,207,4.0,0,0.75
26,2010-07-27,14,0,0,1,0,7,30,208,5.0,0,0.0
27,2010-07-28,18,0,0,1,1,7,30,209,0.0,0,0.0
28,2010-07-29,19,0,0,1,1,7,30,210,1.0,0,11.875
29,2010-07-30,15,0,0,1,1,7,30,211,2.0,0,7.5
30,2010-07-31,18,0,0,2,2,7,30,212,3.0,0,0.0
31,2010-08-01,20,0,0,1,1,8,30,213,4.0,0,0.0
32,2010-08-02,17,0,0,0,0,8,31,214,5.0,0,0.125
33,2010-08-03,15,0,0,0,0,8,31,215,0.0,0,0.0
34,2010-08-04,14,0,0,0,0,8,31,216,1.0,0,0.0
35,2010-08-05,15,0,0,0,0,8,31,217,2.0,0,0.0
36,2010-08-06,17,0,0,0,0,8,31,218,3.0,0,0.0
37,2010-08-07,18,0,0,1,1,8,31,219,4.0,0,0.0
38,2010-08-08,20,0,0,1,0,8,31,220,5.0,0,1.25
39,2010-08-09,11,0,0,0,0,8,32,221,0.0,0,26.25
40,2010-08-10,13,0,0,0,0,8,32,222,3.0,0,1.0
41,2010-08-11,15,0,0,0,0,8,32,223,4.0,0,0.0
42,2010-08-12,15,0,0,0,0,8,32,224,5.0,0,1.125
43,2010-08-13,15,0,0,0,0,8,32,225,0.0,0,0.125
44,2010-08-14,18,0,0,0,0,8,32,226,1.0,0,0.0
45,2010-08-15,12,0,0,0,0,8,32,227,2.0,0,0.0
46,2010-08-16,18,0,0,0,0,8,33,228,3.0,0,0.0
47,2010-08-17,15,0,0,0,0,8,33,229,4.0,0,0.0
48,2010-08-18,0,0,0,0,0,8,33,230,5.0,0,0.0
49,2010-08-19,17,0,0,0,0,8,33,231,0.0,0,0.0
50,2010-08-20,15,0,0,0,0,8,33,232,1.0,0,0.0
51,2010-08-21,19,0,0,1,1,8,33,233,2.0,0,0.0
52,2010-08-22,18,0,0,1,0,8,33,234,3.0,0,0.0
53,2010-08-23,19,0,0,0,0,8,34,235,4.0,0,0.0
54,2010-08-24,11,0,0,0,0,8,34,236,5.0,0,0.0
55,2010-08-25,13,0,0,0,0,8,34,237,0.0,0,0.0
56,2010-08-26,20,0,0,0,0,8,34,238,1.0,0,0.0
57,2010-08-27,20,0,0,1,0,8,34,239,2.0,0,0.0
58,2010-08-28,27,0,0,2,1,8,34,240,3.0,0,0.0
59,2010-08-29,23,0,0,1,1,8,34,241,4.0,0,0.0
60,2010-08-30,24,0,0,1,0,8,35,242,5.0,0,0.0
61,2010-08-31,18,0,0,1,0,8,35,243,0.0,0,0.0
62,2010-09-01,19,0,0,1,1,9,35,244,1.0,0,0.0
63,2010-09-02,16,0,0,1,0,9,35,245,2.0,0,0.0
64,2010-09-03,13,0,0,1,0,9,35,246,3.0,0,0.0
65,2010-09-04,15,0,0,1,1,9,35,247,4.0,0,0.0
66,2010-09-05,21,0,0,1,1,9,35,248,5.0,0,0.0
67,2010-09-06,11,0,0,0,0,9,36,249,0.0,0,0.0
68,2010-09-07,19,0,0,0,0,9,36,250,1.0,0,0.0
69,2010-09-08,9,0,0,0,0,9,36,251,4.0,0,91.625
70,2010-09-09,4,0,0,0,0,9,36,252,5.0,0,1.125
71,2010-09-10,9,0,0,0,0,9,36,253,0.0,0,0.0
72,2010-09-11,13,0,0,1,1,9,36,254,1.0,0,0.0
73,2010-09-12,12,0,0,1,1,9,36,255,2.0,0,0.0
74,2010-09-13,11,0,0,0,0,9,37,256,3.0,0,15.25
75,2010-09-14,10,0,0,0,0,9,37,257,4.0,0,6.375
76,2010-09-15,14,0,0,0,0,9,37,258,5.0,0,1.625
77,2010-09-16,7,0,0,0,0,9,37,259,0.0,0,73.5
78,2010-09-17,19,0,0,0,0,9,37,260,1.0,0,0.0
79,2010-09-18,19,0,0,1,1,9,37,261,2.0,0,0.0
80,2010-09-19,13,0,0,1,1,9,37,262,3.0,0,0.0
81,2010-09-20,16,0,0,1,0,9,38,263,4.0,0,0.125
82,2010-09-21,18,0,0,0,0,9,38,264,5.0,0,0.0
83,2010-09-22,12,0,0,0,0,9,38,265,0.0,0,0.0
84,2010-09-23,32,0,0,1,0,9,38,266,1.0,1,40.5
85,2010-09-24,30,0,0,1,1,9,38,267,2.0,1,4.875
86,2010-09-25,24,0,0,2,2,9,38,268,3.0,1,15.375
87,2010-09-26,26,0,0,2,1,9,38,269,4.0,1,5.875
88,2010-09-27,17,0,0,1,0,9,39,270,5.0,1,57.25
89,2010-09-28,23,0,0,1,0,9,39,271,0.0,1,62.75
90,2010-09-29,15,0,0,1,0,9,39,272,1.0,1,0.0
91,2010-09-30,27,0,0,1,1,9,39,273,2.0,1,18.0
92,2010-10-01,24,0,0,1,0,10,39,274,3.0,1,0.125
93,2010-10-02,18,0,0,2,1,10,39,275,4.0,1,0.0
94,2010-10-03,16,0,0,1,1,10,39,276,5.0,0,0.125
95,2010-10-04,10,0,0,0,0,10,40,277,0.0,0,4.625
96,2010-10-05,13,0,0,0,0,10,40,278,1.0,0,0.0
97,2010-10-06,3,0,0,0,0,10,40,279,2.0,0,0.0
98,2010-10-07,7,0,0,0,0,10,40,280,3.0,0,0.0
99,2010-10-08,11,0,0,0,0,10,40,281,5.0,0,0.0
100,2010-10-09,17,0,0,1,1,10,40,282,0.0,0,32.375
101,2010-10-10,18,0,0,1,1,10,40,283,1.0,0,33.375
102,2010-10-11,7,0,0,1,0,10,41,284,2.0,0,0.0
103,2010-10-12,8,0,0,0,0,10,41,285,3.0,0,1.125
104,2010-10-13,8,0,0,0,0,10,41,286,4.0,0,7.0
105,2010-10-14,13,0,0,0,0,10,41,287,5.0,0,2.0
106,2010-10-15,9,0,0,0,0,10,41,288,0.0,0,0.25
107,2010-10-16,17,0,0,1,1,10,41,289,1.0,0,0.375
108,2010-10-17,12,0,0,1,0,10,41,290,2.0,0,0.0
109,2010-10-18,11,0,0,0,0,10,42,291,3.0,0,0.0
110,2010-10-19,6,0,0,0,0,10,42,292,4.0,0,0.0
111,2010-10-20,12,0,0,0,0,10,42,293,5.0,0,0.5
112,2010-10-21,3,0,0,0,0,10,42,294,0.0,0,3.375
113,2010-10-22,7,0,0,0,0,10,42,295,1.0,0,0.125
114,2010-10-23,21,0,0,2,1,10,42,296,2.0,0,0.0
115,2010-10-24,20,0,0,1,1,10,42,297,3.0,0,16.0
116,2010-10-25,13,0,0,1,0,10,43,298,4.0,0,2.25
117,2010-10-26,12,0,0,0,0,10,43,299,5.0,0,2.0
118,2010-10-27,13,0,0,0,0,10,43,300,0.0,0,0.0
119,2010-10-28,18,0,0,1,0,10,43,301,1.0,0,34.125
120,2010-10-29,26,0,0,1,1,10,43,302,2.0,0,0.0
121,2010-10-30,29,0,0,2,2,10,43,303,3.0,0,60.5
122,2010-10-31,23,0,0,2,1,10,43,304,4.0,0,2.0
123,2010-11-01,16,0,0,1,1,11,44,305,5.0,0,46.25
124,2010-11-02,12,0,0,0,0,11,44,306,0.0,0,0.0
125,2010-11-03,15,0,0,1,1,11,44,307,1.0,0,0.0
126,2010-11-04,11,0,0,0,0,11,44,308,2.0,0,0.0
127,2010-11-05,13,0,0,0,0,11,44,309,3.0,0,0.0
128,2010-11-06,17,0,0,1,1,11,44,310,0.0,0,0.0
129,2010-11-07,13,0,0,1,0,11,44,311,1.0,0,0.0
130,2010-11-08,8,0,0,0,0,11,45,312,2.0,0,0.0
131,2010-11-09,7,0,0,0,0,11,45,313,3.0,0,0.0
132,2010-11-10,11,0,0,0,0,11,45,314,4.0,0,0.0
133,2010-11-11,11,0,0,0,0,11,45,315,5.0,0,0.0
134,2010-11-12,15,0,0,0,0,11,45,316,0.0,0,0.0
135,2010-11-13,16,0,0,1,1,11,45,317,1.0,0,0.0
136,2010-11-14,19,0,0,0,0,11,45,318,2.0,0,0.0
137,2010-11-15,21,0,0,0,0,11,46,319,3.0,0,6.125
138,2010-11-16,14,0,0,0,0,11,46,320,4.0,0,0.0
139,2010-11-17,11,0,0,0,0,11,46,321,5.0,0,3.625
140,2010-11-18,9,0,0,0,0,11,46,322,0.0,0,1.5
141,2010-11-19,25,0,0,0,0,11,46,323,1.0,0,0.0
142,2010-11-20,24,0,0,1,1,11,46,324,2.0,0,0.0
143,2010-11-21,22,0,0,1,0,11,46,325,3.0,0,0.0
144,2010-11-22,22,0,0,0,0,11,47,326,4.0,0,4.0
145,2010-11-23,16,0,0,0,0,11,47,327,5.0,0,20.375
146,2010-11-24,14,0,0,0,0,11,47,328,0.0,0,0.0
147,2010-11-25,18,0,0,0,0,11,47,329,1.0,0,6.25
148,2010-11-26,22,0,0,1,0,11,47,330,2.0,0,4.125
149,2010-11-27,26,0,0,2,1,11,47,331,3.0,0,0.25
150,2010-11-28,22,0,0,1,1,11,47,332,4.0,0,0.0
151,2010-11-29,22,0,0,1,0,11,48,333,5.0,0,0.0
152,2010-11-30,21,0,0,1,0,11,48,334,0.0,0,0.0
153,2010-12-01,23,0,0,1,1,12,48,335,1.0,0,0.0
154,2010-12-02,14,0,0,1,0,12,48,336,2.0,0,0.25
155,2010-12-03,18,0,0,0,0,12,48,337,3.0,0,73.5
156,2010-12-04,27,0,0,1,1,12,48,338,4.0,0,0.0
157,2010-12-05,16,0,0,1,1,12,48,339,5.0,0,0.0
158,2010-12-06,17,0,0,0,0,12,49,340,1.0,0,0.0
159,2010-12-07,12,0,0,0,0,12,49,341,2.0,0,0.0
160,2010-12-08,13,0,0,0,0,12,49,342,3.0,0,8.75
161,2010-12-09,12,0,0,0,0,12,49,343,4.0,0,0.125
162,2010-12-10,19,0,0,0,0,12,49,344,5.0,0,0.125
163,2010-12-11,14,0,0,1,1,12,49,345,0.0,0,0.0
164,2010-12-12,23,0,0,1,0,12,49,346,1.0,0,0.0
165,2010-12-13,16,0,0,0,0,12,50,347,2.0,0,8.25
166,2010-12-14,13,0,0,0,0,12,50,348,3.0,0,6.25
167,2010-12-15,21,0,0,0,0,12,50,349,4.0,0,0.0
168,2010-12-16,17,0,0,0,0,12,50,350,5.0,0,0.0
169,2010-12-17,21,0,0,0,0,12,50,351,0.0,0,0.0
170,2010-12-18,23,0,0,1,1,12,50,352,1.0,0,0.0
171,2010-12-19,27,0,0,1,1,12,50,353,2.0,0,0.0
172,2010-12-20,23,0,0,1,0,12,51,354,3.0,0,0.0
173,2010-12-21,22,0,0,0,0,12,51,355,4.0,0,13.125
174,2010-12-22,21,0,0,0,0,12,51,356,5.0,0,35.125
175,2010-12-23,18,0,0,1,0,12,51,357,0.0,0,0.0
176,2010-12-24,29,0,0,1,1,12,51,358,1.0,0,0.0
177,2010-12-25,28,0,0,2,2,12,51,359,2.0,0,0.0
178,2010-12-26,26,0,0,1,2,12,51,360,3.0,1,0.0
179,2010-12-27,26,0,0,1,0,12,52,361,4.0,1,0.0
180,2010-12-28,18,0,0,1,0,12,52,362,5.0,1,0.0
181,2010-12-29,23,0,0,0,0,12,52,363,0.0,1,0.0
182,2010-12-30,15,0,0,1,0,12,52,364,1.0,1,0.0
183,2010-12-31,0,0,1,-1,-1,12,52,365,2.0,1,0.0
184,2011-01-01,0,0,1,-1,-1,1,52,1,3.0,0,0.0
185,2011-01-02,0,0,1,-1,-1,1,52,2,4.0,0,0.0
186,2011-01-03,0,0,1,-1,-1,1,1,3,5.0,0,0.0
187,2011-01-04,16,0,0,0,0,1,1,4,2.0,0,0.0
188,2011-01-05,16,0,0,0,0,1,1,5,3.0,0,0.0
189,2011-01-06,13,0,0,0,0,1,1,6,4.0,0,0.0
190,2011-01-07,14,0,0,0,0,1,1,7,5.0,0,0.0
191,2011-01-08,16,0,0,0,0,1,1,8,0.0,0,0.0
192,2011-01-09,16,0,0,0,0,1,1,9,1.0,0,0.0
193,2011-01-10,14,0,0,0,0,1,2,10,2.0,0,0.0
194,2011-01-11,13,0,0,0,0,1,2,11,3.0,0,0.0
195,2011-01-12,5,0,0,0,0,1,2,12,4.0,0,0.0
196,2011-01-13,9,0,0,0,0,1,2,13,5.0,0,0.0
197,2011-01-14,14,0,0,0,0,1,2,14,0.0,0,0.0
198,2011-01-15,19,0,0,0,0,1,2,15,1.0,0,0.0
199,2011-01-16,22,0,0,0,0,1,2,16,2.0,0,0.0
200,2011-01-17,12,0,0,0,0,1,3,17,3.0,0,0.0
201,2011-01-18,11,0,0,0,0,1,3,18,4.0,0,0.0
202,2011-01-19,6,0,0,0,0,1,3,19,5.0,0,0.0
203,2011-01-20,7,0,0,0,0,1,3,20,0.0,0,0.0
204,2011-01-21,14,0,0,0,0,1,3,21,1.0,0,0.0
205,2011-01-22,17,0,0,1,0,1,3,22,2.0,0,0.0
206,2011-01-23,18,0,0,0,0,1,3,23,3.0,0,0.0
207,2011-01-24,12,0,0,0,0,1,4,24,4.0,0,1.375
208,2011-01-25,15,0,0,0,0,1,4,25,5.0,0,0.0
209,2011-01-26,13,0,0,0,0,1,4,26,0.0,0,0.0
210,2011-01-27,18,0,0,1,1,1,4,27,1.0,0,0.0
211,2011-01-28,16,0,0,1,1,1,4,28,2.0,0,0.0
212,2011-01-29,23,0,0,2,1,1,4,29,3.0,0,0.0
213,2011-01-30,28,0,0,2,1,1,4,30,4.0,0,0.0
214,2011-01-31,23,0,0,1,0,1,5,31,5.0,0,0.0
215,2011-02-01,22,0,0,1,1,2,5,32,0.0,0,0.0
216,2011-02-02,14,0,0,1,1,2,5,33,1.0,0,0.0
217,2011-02-03,12,0,0,0,0,2,5,34,3.0,0,0.0
218,2011-02-04,16,0,0,0,0,2,5,35,4.0,0,0.0
219,2011-02-05,24,0,0,1,1,2,5,36,5.0,0,0.0
220,2011-02-06,17,0,0,1,1,2,5,37,0.0,0,1.875
221,2011-02-07,15,0,0,0,0,2,6,38,1.0,0,0.0
222,2011-02-08,7,0,0,0,0,2,6,39,2.0,0,0.25
223,2011-02-09,9,0,0,0,0,2,6,40,3.0,0,4.375
224,2011-02-10,21,0,0,0,0,2,6,41,4.0,0,0.0
225,2011-02-11,29,0,0,2,1,2,6,42,5.0,0,9.375
226,2011-02-12,21,0,0,2,1,2,6,43,0.0,0,1.75
227,2011-02-13,25,0,0,1,1,2,6,44,1.0,0,0.0
228,2011-02-14,8,0,0,0,0,2,7,45,2.0,0,18.5
229,2011-02-15,13,0,0,0,0,2,7,46,3.0,0,2.25
230,2011-02-16,10,0,0,0,0,2,7,47,4.0,0,0.0
231,2011-02-17,17,0,0,0,0,2,7,48,5.0,0,0.5
232,2011-02-18,22,0,0,1,0,2,7,49,0.0,0,58.0
233,2011-02-19,25,0,0,2,2,2,7,50,1.0,0,0.0
234,2011-02-20,24,0,0,2,1,2,7,51,2.0,0,1.5
235,2011-02-21,26,0,0,0,0,2,8,52,3.0,0,0.125
236,2011-02-22,15,0,0,1,0,2,8,53,4.0,0,0.0
237,2011-02-23,21,0,0,1,0,2,8,54,5.0,0,0.0
238,2011-02-24,23,0,0,1,1,2,8,55,0.0,0,0.0
239,2011-02-25,29,0,0,2,1,2,8,56,1.0,0,0.0
240,2011-02-26,32,0,0,3,2,2,8,57,2.0,0,0.0
241,2011-02-27,33,0,0,2,2,2,8,58,3.0,0,0.0
242,2011-02-28,30,0,0,2,1,2,9,59,4.0,0,32.5
243,2011-03-01,28,0,0,1,1,3,9,60,5.0,0,9.125
244,2011-03-02,21,0,0,0,0,3,9,61,0.0,0,0.5
245,2011-03-03,20,0,0,0,0,3,9,62,1.0,0,0.0
246,2011-03-04,12,0,0,1,1,3,9,63,2.0,0,0.0
247,2011-03-05,27,0,0,2,1,3,9,64,4.0,0,0.0
248,2011-03-06,21,0,0,1,1,3,9,65,5.0,0,0.0
249,2011-03-07,22,0,0,0,0,3,10,66,0.0,0,25.5
250,2011-03-08,21,0,0,0,0,3,10,67,1.0,0,0.375
251,2011-03-09,15,0,0,0,0,3,10,68,2.0,0,0.0
252,2011-03-10,21,0,0,0,0,3,10,69,3.0,0,0.0
253,2011-03-11,17,0,0,0,0,3,10,70,4.0,0,0.0
254,2011-03-12,25,0,0,2,2,3,10,71,5.0,0,0.0
255,2011-03-13,17,0,0,2,1,3,10,72,0.0,0,0.0
256,2011-03-14,27,0,0,1,1,3,11,73,1.0,0,0.0
257,2011-03-15,31,0,0,1,1,3,11,74,2.0,0,0.0
258,2011-03-16,34,0,0,2,2,3,11,75,3.0,1,0.0
259,2011-03-17,34,0,0,2,2,3,11,76,4.0,1,0.0
260,2011-03-18,42,0,0,2,2,3,11,77,5.0,1,0.0
261,2011-03-19,40,0,0,3,3,3,11,78,0.0,1,0.0
262,2011-03-20,41,0,0,5,3,3,11,79,1.0,1,0.0
263,2011-03-21,39,0,0,3,2,3,12,80,2.0,1,23.5
264,2011-03-22,39,0,0,3,3,3,12,81,3.0,1,13.5
265,2011-03-23,37,0,0,5,4,3,12,82,4.0,1,3.0
266,2011-03-24,36,0,0,5,3,3,12,83,5.0,1,0.0
267,2011-03-25,35,0,0,4,5,3,12,84,0.0,1,0.5
268,2011-03-26,40,0,0,5,5,3,12,85,1.0,1,0.0
269,2011-03-27,35,0,0,5,4,3,12,86,2.0,1,0.0
270,2011-03-28,49,0,0,3,2,3,13,87,3.0,1,0.0
271,2011-03-29,37,0,0,3,2,3,13,88,4.0,1,0.0
272,2011-03-30,38,0,0,4,3,3,13,89,5.0,1,0.25
273,2011-03-31,34,0,0,4,4,3,13,90,0.0,1,0.0
274,2011-04-01,48,0,0,4,2,4,13,91,1.0,1,0.0
275,2011-04-02,29,0,0,5,4,4,13,92,2.0,0,0.0
276,2011-04-03,28,0,0,3,3,4,13,93,5.0,0,0.0
277,2011-04-04,23,0,0,2,1,4,14,94,0.0,0,0.0
278,2011-04-05,25,0,0,1,1,4,14,95,1.0,0,0.0
279,2011-04-06,31,0,0,0,0,4,14,96,2.0,0,0.0
280,2011-04-07,28,0,0,0,0,4,14,97,3.0,0,0.0
281,2011-04-08,37,0,0,0,0,4,14,98,4.0,0,0.0
282,2011-04-09,39,0,0,3,2,4,14,99,5.0,0,0.5
283,2011-04-10,29,0,0,2,1,4,14,100,0.0,0,0.0
284,2011-04-11,14,0,0,0,0,4,15,101,1.0,0,6.0
285,2011-04-12,13,0,0,0,0,4,15,102,2.0,0,0.25
286,2011-04-13,10,0,0,0,0,4,15,103,3.0,0,0.0
287,2011-04-14,16,0,0,0,0,4,15,104,4.0,0,0.0
288,2011-04-15,32,0,0,0,0,4,15,105,5.0,0,0.0
289,2011-04-16,25,0,0,2,2,4,15,106,0.0,0,0.0
290,2011-04-17,24,0,0,2,1,4,15,107,1.0,0,0.0
291,2011-04-18,16,0,0,0,0,4,16,108,2.0,0,0.0
292,2011-04-19,16,0,0,0,0,4,16,109,3.0,0,21.875
293,2011-04-20,11,0,0,0,0,4,16,110,4.0,0,0.0
294,2011-04-21,7,0,0,0,0,4,16,111,5.0,0,0.0
295,2011-04-22,25,0,0,1,1,4,16,112,0.0,0,0.0
296,2011-04-23,26,0,0,3,2,4,16,113,1.0,0,35.125
297,2011-04-24,24,0,0,2,1,4,16,114,2.0,0,0.25
298,2011-04-25,19,0,0,1,1,4,17,115,3.0,0,0.125
299,2011-04-26,29,0,0,1,1,4,17,116,4.0,0,0.0
300,2011-04-27,20,0,0,1,1,4,17,117,5.0,0,1.125
301,2011-04-28,23,0,0,1,1,4,17,118,0.0,0,2.375
302,2011-04-29,22,0,0,2,1,4,17,119,1.0,0,0.0
303,2011-04-30,21,0,0,3,3,4,17,120,2.0,0,0.0
304,2011-05-01,19,0,0,1,1,5,17,121,3.0,0,2.625
305,2011-05-02,21,0,0,1,0,5,18,122,4.0,0,0.0
306,2011-05-03,15,0,0,2,1,5,18,123,0.0,0,6.5
307,2011-05-04,18,0,0,1,0,5,18,124,1.0,0,0.0
308,2011-05-05,15,0,0,1,0,5,18,125,2.0,0,0.0
309,2011-05-06,18,0,0,0,0,5,18,126,3.0,0,0.0
310,2011-05-07,14,0,0,1,0,5,18,127,4.0,0,2.25
311,2011-05-08,6,0,0,0,0,5,18,128,5.0,0,0.0
312,2011-05-09,11,0,0,0,0,5,19,129,0.0,0,0.0
313,2011-05-10,7,0,0,0,0,5,19,130,1.0,0,6.25
314,2011-05-11,6,0,0,0,0,5,19,131,2.0,0,44.375
315,2011-05-12,11,0,0,0,0,5,19,132,3.0,0,16.5
316,2011-05-13,5,0,0,0,0,5,19,133,4.0,0,6.75
317,2011-05-14,21,0,0,1,1,5,19,134,5.0,0,0.0
318,2011-05-15,20,0,0,1,0,5,19,135,0.0,0,0.0
319,2011-05-16,17,0,0,0,0,5,20,136,1.0,0,0.0
320,2011-05-17,7,0,0,0,0,5,20,137,2.0,0,5.125
321,2011-05-18,11,0,0,0,0,5,20,138,3.0,0,0.0
322,2011-05-19,10,0,0,0,0,5,20,139,4.0,0,0.0
323,2011-05-20,16,0,0,1,0,5,20,140,5.0,0,0.0
324,2011-05-21,22,0,0,1,1,5,20,141,0.0,0,0.0
325,2011-05-22,21,0,0,1,1,5,20,142,1.0,0,16.125
326,2011-05-23,13,0,0,0,0,5,21,143,2.0,0,4.75
327,2011-05-24,10,0,0,0,0,5,21,144,3.0,0,21.125
328,2011-05-25,14,0,0,0,0,5,21,145,4.0,0,0.0
329,2011-05-26,18,0,0,0,0,5,21,146,5.0,0,0.5
330,2011-05-27,17,0,0,1,1,5,21,147,0.0,0,2.0
331,2011-05-28,31,0,0,2,1,5,21,148,1.0,0,24.75
332,2011-05-29,24,0,0,1,1,5,21,149,2.0,0,71.25
333,2011-05-30,24,0,0,1,0,5,22,150,3.0,0,13.875
334,2011-05-31,25,0,0,1,0,5,22,151,4.0,0,0.0
335,2011-06-01,14,0,0,1,0,6,22,152,5.0,0,0.0
336,2011-06-02,15,0,0,1,0,6,22,153,1.0,0,12.875
337,2011-06-03,13,0,0,1,0,6,22,154,2.0,0,0.0
338,2011-06-04,25,0,0,1,1,6,22,155,3.0,0,0.0
339,2011-06-05,23,0,0,1,0,6,22,156,4.0,0,9.625
340,2011-06-06,7,0,0,0,0,6,23,157,5.0,0,0.125
341,2011-06-07,4,0,0,0,0,6,23,158,0.0,0,0.0
342,2011-06-08,13,0,0,0,0,6,23,159,1.0,0,1.75
343,2011-06-09,14,0,0,0,0,6,23,160,2.0,0,0.0
344,2011-06-10,18,0,0,0,0,6,23,161,3.0,0,0.0
345,2011-06-11,20,0,0,1,1,6,23,162,4.0,0,44.25
346,2011-06-12,11,0,0,1,0,6,23,163,5.0,0,0.0
347,2011-06-13,8,0,0,0,0,6,24,164,0.0,0,32.875
348,2011-06-14,9,0,0,0,0,6,24,165,1.0,0,0.125
349,2011-06-15,11,0,0,0,0,6,24,166,2.0,0,0.0
350,2011-06-16,15,0,0,0,0,6,24,167,3.0,0,7.0
351,2011-06-17,13,0,0,0,0,6,24,168,4.0,0,17.5
352,2011-06-18,20,0,0,1,1,6,24,169,5.0,0,4.0
353,2011-06-19,16,0,0,1,1,6,24,170,0.0,0,0.0
354,2011-06-20,18,0,0,0,0,6,25,171,1.0,0,0.125
355,2011-06-21,11,0,0,0,0,6,25,172,2.0,0,1.375
356,2011-06-22,7,0,0,0,0,6,25,173,3.0,0,0.0
357,2011-06-23,12,0,0,0,0,6,25,174,4.0,0,0.0
358,2011-06-24,20,0,0,1,0,6,25,175,5.0,0,0.0
359,2011-06-25,23,0,0,2,1,6,25,176,0.0,0,1.375
360,2011-06-26,23,0,0,2,1,6,25,177,1.0,0,0.125
361,2011-06-27,18,0,0,1,0,6,26,178,2.0,0,1.0
362,2011-06-28,21,0,0,0,0,6,26,179,3.0,0,0.25
363,2011-06-29,25,0,0,1,0,6,26,180,4.0,0,0.0
364,2011-06-30,24,0,0,1,2,6,26,181,5.0,0,7.0
365,2011-07-01,16,0,0,0,0,7,26,182,2.0,0,0.375
366,2011-07-02,25,0,0,2,1,7,26,183,3.0,0,0.0
367,2011-07-03,17,0,0,1,1,7,26,184,4.0,0,0.0
368,2011-07-04,11,0,0,0,0,7,27,185,5.0,0,0.0
369,2011-07-05,8,0,0,0,0,7,27,186,0.0,0,2.625
370,2011-07-06,11,0,0,0,0,7,27,187,1.0,0,0.0
371,2011-07-07,10,0,0,0,0,7,27,188,2.0,0,0.5
372,2011-07-08,16,0,0,0,0,7,27,189,3.0,0,0.5
373,2011-07-09,19,0,0,1,1,7,27,190,4.0,0,0.0
374,2011-07-10,20,0,0,1,1,7,27,191,5.0,0,0.0
375,2011-07-11,17,0,0,0,0,7,28,192,0.0,0,0.0
376,2011-07-12,10,0,0,0,0,7,28,193,1.0,0,0.0
377,2011-07-13,9,0,0,0,0,7,28,194,2.0,0,0.0
378,2011-07-14,16,0,0,0,0,7,28,195,3.0,0,0.0
379,2011-07-15,19,0,0,0,0,7,28,196,4.0,0,0.0
380,2011-07-16,17,0,0,2,1,7,28,197,5.0,0,0.0
381,2011-07-17,23,0,0,2,1,7,28,198,0.0,0,0.0
382,2011-07-18,19,0,0,1,0,7,29,199,1.0,0,0.0
383,2011-07-19,13,0,0,0,0,7,29,200,2.0,0,25.25
384,2011-07-20,15,0,0,0,0,7,29,201,3.0,0,7.125
385,2011-07-21,14,0,0,0,0,7,29,202,4.0,0,2.75
386,2011-07-22,18,0,0,1,0,7,29,203,5.0,0,0.0
387,2011-07-23,22,0,0,1,1,7,29,204,0.0,0,0.0
388,2011-07-24,23,0,0,1,1,7,29,205,1.0,0,0.0
389,2011-07-25,14,0,0,1,0,7,30,206,2.0,0,0.0
390,2011-07-26,11,0,0,1,0,7,30,207,3.0,0,0.0
391,2011-07-27,14,0,0,1,0,7,30,208,4.0,0,0.0
392,2011-07-28,17,0,0,1,0,7,30,209,5.0,0,4.25
393,2011-07-29,24,0,0,1,1,7,30,210,0.0,0,4.625
394,2011-07-30,23,0,0,2,2,7,30,211,1.0,0,18.75
395,2011-07-31,31,0,0,2,1,7,30,212,3.0,0,0.5
396,2011-08-01,19,0,0,1,0,8,31,213,4.0,0,0.0
397,2011-08-02,10,0,0,0,0,8,31,214,5.0,0,0.0
398,2011-08-03,11,0,0,0,0,8,31,215,0.0,0,8.375
399,2011-08-04,12,0,0,0,0,8,31,216,1.0,0,3.25
400,2011-08-05,15,0,0,0,0,8,31,217,2.0,0,4.375
401,2011-08-06,22,0,0,1,1,8,31,218,3.0,0,2.125
402,2011-08-07,12,0,0,1,0,8,31,219,4.0,0,5.875
403,2011-08-08,15,0,0,0,0,8,32,220,5.0,0,0.0
404,2011-08-09,13,0,0,0,0,8,32,221,0.0,0,0.0
405,2011-08-10,15,0,0,0,0,8,32,222,1.0,0,0.0
406,2011-08-11,11,0,0,0,0,8,32,223,2.0,0,0.0
407,2011-08-12,16,0,0,0,0,8,32,224,3.0,0,0.125
408,2011-08-13,13,0,0,0,0,8,32,225,4.0,0,0.0
409,2011-08-14,0,0,0,0,0,8,32,226,5.0,0,0.0
410,2011-08-15,19,0,0,0,0,8,33,227,0.0,0,0.0
411,2011-08-16,17,0,0,0,0,8,33,228,1.0,0,0.0
412,2011-08-17,5,0,0,0,0,8,33,229,2.0,0,0.0
413,2011-08-18,11,0,0,0,0,8,33,230,3.0,0,0.0
414,2011-08-19,16,0,0,0,0,8,33,231,4.0,0,69.375
415,2011-08-20,16,0,0,1,1,8,33,232,5.0,0,0.625
416,2011-08-21,13,0,0,1,0,8,33,233,0.0,0,11.875
417,2011-08-22,13,0,0,0,0,8,34,234,1.0,0,25.625
418,2011-08-23,13,0,0,0,0,8,34,235,2.0,0,0.25
419,2011-08-24,8,0,0,0,0,8,34,236,3.0,0,0.875
420,2011-08-25,9,0,0,0,0,8,34,237,4.0,0,4.875
421,2011-08-26,22,0,0,0,0,8,34,238,5.0,0,35.125
422,2011-08-27,23,0,0,1,1,8,34,239,0.0,0,1.625
423,2011-08-28,25,0,0,1,1,8,34,240,1.0,0,0.0
424,2011-08-29,24,0,0,0,0,8,35,241,4.0,0,0.0
425,2011-08-30,21,0,0,0,0,8,35,242,5.0,0,7.0
426,2011-08-31,21,0,0,1,1,8,35,243,0.0,0,7.375
427,2011-09-01,14,0,0,1,1,9,35,244,1.0,0,4.625
428,2011-09-02,6,0,0,1,1,9,35,245,2.0,0,25.125
429,2011-09-03,14,0,0,2,1,9,35,246,3.0,0,6.125
430,2011-09-04,11,0,0,1,1,9,35,247,4.0,0,2.25
431,2011-09-05,9,0,0,0,0,9,36,248,5.0,0,13.875
432,2011-09-06,10,0,0,0,0,9,36,249,0.0,0,6.875
433,2011-09-07,6,0,0,0,0,9,36,250,1.0,0,0.0
434,2011-09-08,10,0,0,0,0,9,36,251,2.0,0,0.0
435,2011-09-09,7,0,0,0,0,9,36,252,3.0,0,0.0
436,2011-09-10,15,0,0,1,1,9,36,253,4.0,0,0.0
437,2011-09-11,13,0,0,1,0,9,36,254,5.0,0,5.75
438,2011-09-12,14,0,0,0,0,9,37,255,0.0,0,0.0
439,2011-09-13,16,0,0,0,0,9,37,256,1.0,0,0.0
440,2011-09-14,10,0,0,0,0,9,37,257,2.0,0,0.0
441,2011-09-15,11,0,0,0,0,9,37,258,3.0,0,0.0
442,2011-09-16,14,0,0,0,0,9,37,259,4.0,0,2.625
443,2011-09-17,21,0,0,2,1,9,37,260,5.0,0,1.375
444,2011-09-18,19,0,0,2,2,9,37,261,0.0,0,0.0
445,2011-09-19,18,0,0,1,1,9,38,262,1.0,0,0.5
446,2011-09-20,21,0,0,0,0,9,38,263,2.0,0,18.125
447,2011-09-21,12,0,0,0,0,9,38,264,3.0,0,127.25
448,2011-09-22,24,0,0,0,0,9,38,265,4.0,0,2.375
449,2011-09-23,36,0,0,1,1,9,38,266,5.0,1,0.0
450,2011-09-24,47,0,0,2,2,9,38,267,0.0,1,0.0
451,2011-09-25,26,0,0,2,2,9,38,268,1.0,1,0.0
452,2011-09-26,21,0,0,1,1,9,39,269,2.0,1,1.625
453,2011-09-27,19,0,0,1,1,9,39,270,5.0,1,0.0
454,2011-09-28,24,0,0,1,1,9,39,271,0.0,1,0.0
455,2011-09-29,26,0,0,1,1,9,39,272,1.0,1,0.0
456,2011-09-30,29,0,0,1,1,9,39,273,2.0,1,0.0
457,2011-10-01,26,0,0,2,1,10,39,274,3.0,1,0.0
458,2011-10-02,27,0,0,1,1,10,39,275,4.0,1,0.0
459,2011-10-03,20,0,0,0,0,10,40,276,5.0,0,0.0
460,2011-10-04,14,0,0,0,0,10,40,277,0.0,0,0.0
461,2011-10-05,16,0,0,0,0,10,40,278,1.0,0,57.875
462,2011-10-06,15,0,0,0,0,10,40,279,2.0,0,3.25
463,2011-10-07,15,0,0,0,0,10,40,280,3.0,0,0.5
464,2011-10-08,21,0,0,2,1,10,40,281,4.0,0,0.0
465,2011-10-09,21,0,0,2,1,10,40,282,5.0,0,2.875
466,2011-10-10,17,0,0,1,0,10,41,283,0.0,0,4.375
467,2011-10-11,9,0,0,0,0,10,41,284,1.0,0,0.0
468,2011-10-12,10,0,0,0,0,10,41,285,2.0,0,0.0
469,2011-10-13,14,0,0,0,0,10,41,286,3.0,0,0.0
470,2011-10-14,14,0,0,0,0,10,41,287,4.0,0,2.875
471,2011-10-15,22,0,0,1,1,10,41,288,5.0,0,4.625
472,2011-10-16,24,0,0,1,0,10,41,289,0.0,0,10.75
473,2011-10-17,18,0,0,0,0,10,42,290,1.0,0,0.0
474,2011-10-18,13,0,0,0,0,10,42,291,2.0,0,0.0
475,2011-10-19,7,0,0,0,0,10,42,292,3.0,0,0.0
476,2011-10-20,13,0,0,0,0,10,42,293,4.0,0,0.0
477,2011-10-21,18,0,0,0,0,10,42,294,5.0,0,3.25
478,2011-10-22,17,0,0,1,1,10,42,295,0.0,0,43.25
479,2011-10-23,21,0,0,1,1,10,42,296,1.0,0,0.5
480,2011-10-24,14,0,0,0,0,10,43,297,2.0,0,0.375
481,2011-10-25,17,0,0,0,0,10,43,298,3.0,0,0.0
482,2011-10-26,23,0,0,0,0,10,43,299,4.0,0,0.0
483,2011-10-27,24,0,0,0,0,10,43,300,0.0,0,0.0
484,2011-10-28,25,0,0,1,1,10,43,301,1.0,0,0.0
485,2011-10-29,35,0,0,2,2,10,43,302,2.0,0,0.0
486,2011-10-30,22,0,0,2,1,10,43,303,3.0,0,0.25
487,2011-10-31,27,0,0,1,1,10,44,304,4.0,0,0.0
488,2011-11-01,21,0,0,1,1,11,44,305,5.0,0,0.0
489,2011-11-02,21,0,0,1,0,11,44,306,0.0,0,0.0
490,2011-11-03,22,0,0,2,1,11,44,307,1.0,0,0.0
491,2011-11-04,22,0,0,1,1,11,44,308,2.0,0,0.0
492,2011-11-05,28,0,0,1,0,11,44,309,3.0,0,1.5
493,2011-11-06,10,0,0,1,0,11,44,310,4.0,0,6.375
494,2011-11-07,14,0,0,0,0,11,45,311,5.0,0,0.125
495,2011-11-08,17,0,0,0,0,11,45,312,0.0,0,3.375
496,2011-11-09,11,0,0,0,0,11,45,313,1.0,0,0.0
497,2011-11-10,12,0,0,0,0,11,45,314,2.0,0,0.0
498,2011-11-11,25,0,0,0,0,11,45,315,3.0,0,21.75
499,2011-11-12,27,0,0,1,1,11,45,316,4.0,0,0.0
500,2011-11-13,21,0,0,0,0,11,45,317,5.0,0,0.0
501,2011-11-14,13,0,0,0,0,11,46,318,0.0,0,2.875
502,2011-11-15,11,0,0,0,0,11,46,319,1.0,0,0.625
503,2011-11-16,19,0,0,0,0,11,46,320,2.0,0,0.0
504,2011-11-17,11,0,0,0,0,11,46,321,3.0,0,0.0
505,2011-11-18,11,0,0,0,0,11,46,322,4.0,0,0.375
506,2011-11-19,15,0,0,1,1,11,46,323,5.0,0,67.625
507,2011-11-20,29,0,0,1,0,11,46,324,0.0,0,1.875
508,2011-11-21,18,0,0,0,0,11,47,325,1.0,0,0.125
509,2011-11-22,14,0,0,0,0,11,47,326,2.0,0,0.0
510,2011-11-23,12,0,0,0,0,11,47,327,3.0,0,0.625
511,2011-11-24,21,0,0,0,0,11,47,328,4.0,0,0.0
512,2011-11-25,30,0,0,1,1,11,47,329,1.0,0,0.0
513,2011-11-26,31,0,0,2,1,11,47,330,2.0,0,0.0
514,2011-11-27,32,0,0,1,1,11,47,331,3.0,0,0.0
515,2011-11-28,27,0,0,0,0,11,48,332,4.0,0,0.0
516,2011-11-29,20,0,0,0,0,11,48,333,5.0,0,0.0
517,2011-11-30,20,0,0,1,1,11,48,334,0.0,0,0.0
518,2011-12-01,15,0,0,1,1,12,48,335,1.0,0,3.5
519,2011-12-02,17,0,0,1,1,12,48,336,2.0,0,2.5
520,2011-12-03,32,0,0,2,1,12,48,337,3.0,0,31.125
521,2011-12-04,17,0,0,1,1,12,48,338,4.0,0,0.0
522,2011-12-05,11,0,0,0,0,12,49,339,5.0,0,0.0
523,2011-12-06,12,0,0,0,0,12,49,340,0.0,0,9.625
524,2011-12-07,13,0,0,0,0,12,49,341,1.0,0,0.0
525,2011-12-08,8,0,0,0,0,12,49,342,2.0,0,3.125
526,2011-12-09,14,0,0,0,0,12,49,343,3.0,0,5.0
527,2011-12-10,31,0,0,1,1,12,49,344,4.0,0,0.0
528,2011-12-11,22,0,0,1,1,12,49,345,5.0,0,0.0
529,2011-12-12,19,0,0,0,0,12,50,346,0.0,0,0.0
530,2011-12-13,14,0,0,0,0,12,50,347,1.0,0,0.0
531,2011-12-14,15,0,0,0,0,12,50,348,2.0,0,1.25
532,2011-12-15,17,0,0,0,0,12,50,349,3.0,0,0.0
533,2011-12-16,25,0,0,0,0,12,50,350,4.0,0,0.0
534,2011-12-17,35,0,0,1,1,12,50,351,5.0,0,0.0
535,2011-12-18,30,0,0,1,1,12,50,352,0.0,0,0.0
536,2011-12-19,30,0,0,1,0,12,51,353,1.0,0,0.0
537,2011-12-20,30,0,0,0,0,12,51,354,2.0,0,0.0
538,2011-12-21,28,0,0,0,0,12,51,355,3.0,0,0.0
539,2011-12-22,32,0,0,1,1,12,51,356,4.0,0,0.0
540,2011-12-23,36,0,0,2,1,12,51,357,5.0,0,0.0
541,2011-12-24,30,0,0,2,2,12,51,358,0.0,0,0.0
542,2011-12-25,22,0,0,1,1,12,51,359,2.0,0,0.0
543,2011-12-26,31,0,0,1,0,12,52,360,3.0,1,0.0
544,2011-12-27,30,0,0,1,0,12,52,361,4.0,1,0.0
545,2011-12-28,23,0,0,1,0,12,52,362,5.0,1,0.0
546,2011-12-29,26,0,0,1,0,12,52,363,0.0,1,0.0
547,2011-12-30,15,0,0,1,3,12,52,364,1.0,1,0.0
548,2011-12-31,0,0,1,-1,-1,12,52,365,2.0,1,0.0
549,2012-01-01,0,0,1,-1,-1,1,52,1,3.0,0,0.0
550,2012-01-02,0,0,1,-1,-1,1,1,2,4.0,0,0.0
551,2012-01-03,0,0,1,-1,-1,1,1,3,5.0,0,0.0
552,2012-01-04,12,0,0,0,0,1,1,4,0.0,0,0.0
553,2012-01-05,9,0,0,0,0,1,1,5,1.0,0,0.0
554,2012-01-06,8,0,0,0,0,1,1,6,2.0,0,0.0
555,2012-01-07,29,0,0,0,0,1,1,7,3.0,0,0.0
556,2012-01-08,23,0,0,0,0,1,1,8,4.0,0,0.0
557,2012-01-09,9,0,0,0,0,1,2,9,5.0,0,0.0
558,2012-01-10,10,0,0,0,0,1,2,10,0.0,0,0.0
559,2012-01-11,10,0,0,0,0,1,2,11,1.0,0,0.0
560,2012-01-12,7,0,0,0,0,1,2,12,2.0,0,0.0
561,2012-01-13,9,0,0,0,0,1,2,13,3.0,0,0.0
562,2012-01-14,24,0,0,0,1,1,2,14,4.0,0,0.0
563,2012-01-15,21,0,0,0,0,1,2,15,5.0,0,0.0
564,2012-01-16,18,0,0,0,0,1,3,16,0.0,0,0.0
565,2012-01-17,18,0,0,0,0,1,3,17,1.0,0,0.0
566,2012-01-18,17,0,0,0,0,1,3,18,2.0,0,0.0
567,2012-01-19,13,0,0,0,0,1,3,19,3.0,0,0.125
568,2012-01-20,18,0,0,0,0,1,3,20,4.0,0,11.0
569,2012-01-21,30,0,0,1,0,1,3,21,5.0,0,13.0
570,2012-01-22,28,0,0,1,0,1,3,22,0.0,0,5.25
571,2012-01-23,18,0,0,0,0,1,4,23,3.0,0,15.0
572,2012-01-24,17,0,0,0,0,1,4,24,4.0,0,0.25
573,2012-01-25,20,0,0,0,0,1,4,25,5.0,0,0.0
574,2012-01-26,16,0,0,0,0,1,4,26,0.0,0,0.0
575,2012-01-27,30,0,0,1,1,1,4,27,1.0,0,0.0
576,2012-01-28,32,0,0,2,1,1,4,28,2.0,0,0.0
577,2012-01-29,26,0,0,2,1,1,4,29,3.0,0,0.0
578,2012-01-30,33,0,0,1,0,1,5,30,4.0,0,0.0
579,2012-01-31,29,0,0,1,1,1,5,31,5.0,0,0.0
580,2012-02-01,27,0,0,1,1,2,5,32,0.0,0,0.0
581,2012-02-02,17,0,0,1,0,2,5,33,1.0,0,0.0
582,2012-02-03,19,0,0,0,0,2,5,34,2.0,0,0.0
583,2012-02-04,33,0,0,2,1,2,5,35,3.0,0,0.0
584,2012-02-05,19,0,0,1,1,2,5,36,4.0,0,0.0
585,2012-02-06,23,0,0,0,0,2,6,37,5.0,0,4.875
586,2012-02-07,18,0,0,0,0,2,6,38,0.0,0,31.75
587,2012-02-08,22,0,0,0,0,2,6,39,1.0,0,0.0
588,2012-02-09,14,0,0,0,0,2,6,40,2.0,0,0.0
589,2012-02-10,25,0,0,0,0,2,6,41,3.0,0,0.0
590,2012-02-11,36,0,0,1,1,2,6,42,4.0,0,0.0
591,2012-02-12,22,0,0,1,0,2,6,43,5.0,0,0.0
592,2012-02-13,23,0,0,0,0,2,7,44,0.0,0,0.0
593,2012-02-14,18,0,0,0,0,2,7,45,1.0,0,3.75
594,2012-02-15,23,0,0,0,0,2,7,46,2.0,0,0.0
595,2012-02-16,22,0,0,0,0,2,7,47,3.0,0,0.5
596,2012-02-17,25,0,0,0,0,2,7,48,4.0,0,2.375
597,2012-02-18,33,0,0,2,1,2,7,49,5.0,0,0.25
598,2012-02-19,31,0,0,1,1,2,7,50,0.0,0,0.0
599,2012-02-20,26,0,0,1,0,2,8,51,1.0,0,0.0
600,2012-02-21,24,0,0,0,0,2,8,52,2.0,0,0.0
601,2012-02-22,32,0,0,0,0,2,8,53,4.0,0,0.0
602,2012-02-23,29,0,0,1,0,2,8,54,5.0,0,20.0
603,2012-02-24,43,0,0,1,1,2,8,55,0.0,0,0.0
604,2012-02-25,49,0,0,3,2,2,8,56,1.0,0,15.875
605,2012-02-26,47,0,0,2,1,2,8,57,2.0,0,0.0
606,2012-02-27,41,0,0,1,1,2,9,58,3.0,0,0.0
607,2012-02-28,40,0,0,1,1,2,9,59,4.0,0,0.0
608,2012-02-29,39,0,0,2,1,2,9,60,5.0,0,16.125
609,2012-03-01,36,0,0,1,1,3,9,61,0.0,0,0.0
610,2012-03-02,45,0,0,1,1,3,9,62,1.0,0,12.5
611,2012-03-03,37,0,0,2,1,3,9,63,2.0,0,0.25
612,2012-03-04,30,0,0,1,1,3,9,64,3.0,0,0.75
613,2012-03-05,29,0,0,0,0,3,10,65,4.0,0,35.5
614,2012-03-06,30,0,0,0,0,3,10,66,5.0,0,5.125
615,2012-03-07,38,0,0,0,0,3,10,67,0.0,0,0.0
616,2012-03-08,32,0,0,0,0,3,10,68,1.0,0,0.625
617,2012-03-09,33,0,0,0,0,3,10,69,2.0,0,26.75
618,2012-03-10,30,0,0,2,1,3,10,70,3.0,0,15.875
619,2012-03-11,28,0,0,1,1,3,10,71,4.0,0,0.0
620,2012-03-12,31,0,0,0,0,3,11,72,5.0,0,0.0
621,2012-03-13,35,0,0,0,0,3,11,73,0.0,0,0.0
622,2012-03-14,30,0,0,1,0,3,11,74,1.0,0,0.0
623,2012-03-15,36,0,0,1,1,3,11,75,2.0,0,0.0
624,2012-03-16,50,0,0,2,2,3,11,76,3.0,1,0.0
625,2012-03-17,58,0,0,3,3,3,11,77,4.0,1,25.125
626,2012-03-18,45,0,0,3,2,3,11,78,5.0,1,1.0
627,2012-03-19,48,0,0,2,2,3,12,79,0.0,1,0.125
628,2012-03-20,51,0,0,3,2,3,12,80,1.0,1,0.0
629,2012-03-21,60,0,0,2,2,3,12,81,2.0,1,0.0
630,2012-03-22,49,0,0,3,2,3,12,82,5.0,1,0.0
631,2012-03-23,47,0,0,4,3,3,12,83,0.0,1,11.75
632,2012-03-24,55,0,0,5,4,3,12,84,1.0,1,3.875
633,2012-03-25,49,0,0,4,5,3,12,85,2.0,1,0.0
634,2012-03-26,69,0,0,3,2,3,13,86,3.0,1,0.0
635,2012-03-27,88,0,0,3,2,3,13,87,4.0,1,0.0
636,2012-03-28,66,0,0,2,2,3,13,88,5.0,1,0.125
637,2012-03-29,63,0,0,4,2,3,13,89,0.0,1,0.0
638,2012-03-30,69,0,0,4,4,3,13,90,1.0,1,0.0
639,2012-03-31,63,0,0,5,5,3,13,91,2.0,1,11.375
640,2012-04-01,36,0,0,5,4,4,13,92,3.0,1,0.0
641,2012-04-02,45,0,0,2,3,4,14,93,4.0,0,0.0
642,2012-04-03,36,0,0,2,1,4,14,94,5.0,0,23.0
643,2012-04-04,32,0,0,1,1,4,14,95,0.0,0,0.0
644,2012-04-05,43,0,0,1,0,4,14,96,1.0,0,0.0
645,2012-04-06,36,0,0,0,0,4,14,97,2.0,0,0.5
646,2012-04-07,39,0,0,4,3,4,14,98,3.0,0,0.0
647,2012-04-08,33,0,0,2,2,4,14,99,4.0,0,0.0
648,2012-04-09,33,0,0,0,0,4,15,100,5.0,0,0.0
649,2012-04-10,32,0,0,0,0,4,15,101,0.0,0,0.0
650,2012-04-11,20,0,0,0,0,4,15,102,1.0,0,17.125
651,2012-04-12,25,0,0,0,0,4,15,103,2.0,0,0.0
652,2012-04-13,34,0,0,0,0,4,15,104,3.0,0,6.125
653,2012-04-14,43,0,0,2,2,4,15,105,4.0,0,33.625
654,2012-04-15,40,0,0,1,2,4,15,106,5.0,0,0.125
655,2012-04-16,27,0,0,0,0,4,16,107,0.0,0,0.0
656,2012-04-17,21,0,0,0,0,4,16,108,1.0,0,2.75
657,2012-04-18,21,0,0,0,0,4,16,109,2.0,0,0.0
658,2012-04-19,21,0,0,0,0,4,16,110,3.0,0,0.0
659,2012-04-20,25,0,0,0,0,4,16,111,4.0,0,0.0
660,2012-04-21,29,0,0,2,2,4,16,112,5.0,0,0.0
661,2012-04-22,28,0,0,1,1,4,16,113,0.0,0,7.0
662,2012-04-23,32,0,0,1,0,4,17,114,1.0,0,14.0
663,2012-04-24,27,0,0,0,0,4,17,115,2.0,0,6.5
664,2012-04-25,35,0,0,0,0,4,17,116,3.0,0,0.0
665,2012-04-26,29,0,0,0,0,4,17,117,4.0,0,2.25
666,2012-04-27,32,0,0,1,1,4,17,118,5.0,0,26.75
667,2012-04-28,43,0,0,2,2,4,17,119,0.0,0,0.25
668,2012-04-29,54,0,0,3,2,4,17,120,1.0,0,0.0
669,2012-04-30,39,0,0,2,1,4,18,121,2.0,0,0.0
670,2012-05-01,31,0,0,0,0,5,18,122,3.0,0,0.625
671,2012-05-02,30,0,0,0,0,5,18,123,4.0,0,34.625
672,2012-05-03,27,0,0,1,1,5,18,124,5.0,0,89.875
673,2012-05-04,27,0,0,2,2,5,18,125,0.0,0,5.125
674,2012-05-05,16,0,0,1,0,5,18,126,1.0,0,0.0
675,2012-05-06,12,0,0,0,0,5,18,127,2.0,0,1.0
676,2012-05-07,21,0,0,0,0,5,19,128,3.0,0,0.0
677,2012-05-08,22,0,0,0,0,5,19,129,4.0,0,0.0
678,2012-05-09,19,0,0,0,0,5,19,130,5.0,0,4.625
679,2012-05-10,16,0,0,0,0,5,19,131,0.0,0,4.875
680,2012-05-11,19,0,0,0,0,5,19,132,1.0,0,0.0
681,2012-05-12,32,0,0,1,1,5,19,133,2.0,0,0.0
682,2012-05-13,26,0,0,1,0,5,19,134,3.0,0,0.0
683,2012-05-14,22,0,0,0,0,5,20,135,4.0,0,0.0
684,2012-05-15,21,0,0,0,0,5,20,136,5.0,0,12.25
685,2012-05-16,11,0,0,0,0,5,20,137,0.0,0,0.125
686,2012-05-17,14,0,0,0,0,5,20,138,1.0,0,0.0
687,2012-05-18,19,0,0,0,0,5,20,139,2.0,0,10.875
688,2012-05-19,33,0,0,1,1,5,20,140,3.0,0,0.0
689,2012-05-20,25,0,0,1,0,5,20,141,4.0,0,0.0
690,2012-05-21,15,0,0,0,0,5,21,142,0.0,0,0.0
691,2012-05-22,21,0,0,0,0,5,21,143,1.0,0,31.5
692,2012-05-23,19,0,0,0,0,5,21,144,2.0,0,0.625
693,2012-05-24,23,0,0,0,0,5,21,145,3.0,0,0.0
694,2012-05-25,32,0,0,1,0,5,21,146,4.0,0,0.0
695,2012-05-26,39,0,0,2,1,5,21,147,5.0,0,0.0
696,2012-05-27,32,0,0,1,1,5,21,148,0.0,0,0.0
697,2012-05-28,30,0,0,1,0,5,22,149,1.0,0,7.125
698,2012-05-29,33,0,0,0,0,5,22,150,2.0,0,8.5
699,2012-05-30,27,0,0,1,0,5,22,151,3.0,0,0.125
700,2012-05-31,35,0,0,1,1,5,22,152,4.0,0,0.0
701,2012-06-01,30,0,0,0,0,6,22,153,5.0,0,1.75
702,2012-06-02,36,0,0,1,1,6,22,154,0.0,0,0.0
703,2012-06-03,28,0,0,1,1,6,22,155,1.0,0,0.125
704,2012-06-04,22,0,0,0,0,6,23,156,2.0,0,0.0
705,2012-06-05,23,0,0,0,0,6,23,157,3.0,0,0.0
706,2012-06-06,13,0,0,0,0,6,23,158,4.0,0,4.5
707,2012-06-07,13,0,0,0,0,6,23,159,5.0,0,0.0
708,2012-06-08,12,0,0,0,0,6,23,160,0.0,0,0.5
709,2012-06-09,38,0,0,1,1,6,23,161,1.0,0,32.625
710,2012-06-10,17,0,0,1,0,6,23,162,2.0,0,0.75
711,2012-06-11,22,0,0,0,0,6,24,163,3.0,0,2.875
712,2012-06-12,12,0,0,0,0,6,24,164,4.0,0,9.875
713,2012-06-13,22,0,0,0,0,6,24,165,5.0,0,1.625
714,2012-06-14,20,0,0,0,0,6,24,166,0.0,0,0.0
715,2012-06-15,20,0,0,0,0,6,24,167,1.0,0,0.0
716,2012-06-16,42,0,0,1,1,6,24,168,2.0,0,5.75
717,2012-06-17,22,0,0,1,0,6,24,169,3.0,0,12.25
718,2012-06-18,23,0,0,0,0,6,25,170,4.0,0,0.0
719,2012-06-19,19,0,0,0,0,6,25,171,5.0,0,70.25
720,2012-06-20,21,0,0,0,0,6,25,172,1.0,0,0.0
721,2012-06-21,20,0,0,0,0,6,25,173,2.0,0,0.25
722,2012-06-22,32,0,0,0,0,6,25,174,3.0,0,53.875
723,2012-06-23,38,0,0,2,1,6,25,175,4.0,0,0.0
724,2012-06-24,34,0,0,1,1,6,25,176,5.0,0,0.125
725,2012-06-25,31,0,0,0,0,6,26,177,0.0,0,0.25
726,2012-06-26,33,0,0,1,0,6,26,178,1.0,0,0.0
727,2012-06-27,31,0,0,0,0,6,26,179,2.0,0,0.0
728,2012-06-28,42,0,0,1,0,6,26,180,3.0,0,0.0
729,2012-06-29,52,0,0,1,1,6,26,181,4.0,0,0.0
730,2012-06-30,55,0,0,2,2,6,26,182,5.0,0,0.0
731,2012-07-01,45,0,0,2,1,7,26,183,0.0,0,6.5
732,2012-07-02,31,0,0,1,1,7,27,184,1.0,0,10.25
733,2012-07-03,12,0,0,1,0,7,27,185,2.0,0,15.625
734,2012-07-04,19,0,0,0,0,7,27,186,3.0,0,1.625
735,2012-07-05,16,0,0,0,0,7,27,187,4.0,0,0.0
736,2012-07-06,23,0,0,0,0,7,27,188,5.0,0,9.75
737,2012-07-07,34,0,0,1,1,7,27,189,0.0,0,15.0
738,2012-07-08,20,0,0,1,1,7,27,190,1.0,0,5.125
739,2012-07-09,17,0,0,0,0,7,28,191,2.0,0,0.0
740,2012-07-10,9,0,0,0,0,7,28,192,3.0,0,0.0
741,2012-07-11,21,0,0,0,0,7,28,193,4.0,0,0.0
742,2012-07-12,21,0,0,0,0,7,28,194,5.0,0,1.75
743,2012-07-13,23,0,0,0,0,7,28,195,0.0,0,4.625
744,2012-07-14,38,0,0,2,1,7,28,196,1.0,0,35.25
745,2012-07-15,38,0,0,2,1,7,28,197,2.0,0,0.0
746,2012-07-16,25,0,0,1,0,7,29,198,3.0,0,0.0
747,2012-07-17,24,0,0,0,0,7,29,199,4.0,0,0.0
748,2012-07-18,11,0,0,0,0,7,29,200,5.0,0,0.0
749,2012-07-19,19,0,0,0,0,7,29,201,2.0,0,0.125
750,2012-07-20,24,0,0,0,0,7,29,202,3.0,0,9.375
751,2012-07-21,37,0,0,1,1,7,29,203,4.0,0,3.625
752,2012-07-22,23,0,0,1,1,7,29,204,5.0,0,1.25
753,2012-07-23,27,0,0,0,0,7,30,205,0.0,0,0.125
754,2012-07-24,31,0,0,1,0,7,30,206,1.0,0,0.0
755,2012-07-25,17,0,0,0,0,7,30,207,2.0,0,0.0
756,2012-07-26,22,0,0,0,0,7,30,208,3.0,0,0.5
757,2012-07-27,25,0,0,1,1,7,30,209,4.0,0,0.0
758,2012-07-28,48,0,0,3,2,7,30,210,5.0,0,0.0
759,2012-07-29,43,0,0,2,1,7,30,211,0.0,0,0.0
760,2012-07-30,31,0,0,1,1,7,31,212,1.0,0,0.0
761,2012-07-31,42,0,0,1,1,7,31,213,2.0,0,0.0
762,2012-08-01,41,0,0,0,0,8,31,214,3.0,0,0.25
763,2012-08-02,30,0,0,0,0,8,31,215,4.0,0,0.0
764,2012-08-03,29,0,0,0,0,8,31,216,5.0,0,0.0
765,2012-08-04,31,0,0,1,1,8,31,217,0.0,0,0.625
766,2012-08-05,34,0,0,1,1,8,31,218,1.0,0,0.0
767,2012-08-06,21,0,0,0,0,8,32,219,2.0,0,13.125
768,2012-08-07,21,0,0,0,0,8,32,220,3.0,0,0.0
769,2012-08-08,22,0,0,0,0,8,32,221,4.0,0,0.0
770,2012-08-09,12,0,0,0,0,8,32,222,5.0,0,0.0
771,2012-08-10,25,0,0,0,0,8,32,223,0.0,0,0.0
772,2012-08-11,29,0,0,1,1,8,32,224,1.0,0,0.25
773,2012-08-12,14,0,0,0,0,8,32,225,2.0,0,0.75
774,2012-08-13,29,0,0,0,0,8,33,226,3.0,0,0.0
775,2012-08-14,23,0,0,0,0,8,33,227,4.0,0,3.75
776,2012-08-15,19,0,0,0,0,8,33,228,5.0,0,0.0
777,2012-08-16,16,0,0,0,0,8,33,229,0.0,0,0.0
778,2012-08-17,29,0,0,0,0,8,33,230,1.0,0,0.0
779,2012-08-18,22,0,0,1,1,8,33,231,3.0,0,3.375
780,2012-08-19,23,0,0,1,0,8,33,232,4.0,0,0.0
781,2012-08-20,25,0,0,0,0,8,34,233,5.0,0,0.0
782,2012-08-21,19,0,0,0,0,8,34,234,0.0,0,0.0
783,2012-08-22,21,0,0,0,0,8,34,235,1.0,0,0.0
784,2012-08-23,26,0,0,0,0,8,34,236,2.0,0,0.0
785,2012-08-24,23,0,0,1,0,8,34,237,3.0,0,0.0
786,2012-08-25,31,0,0,2,1,8,34,238,4.0,0,0.0
787,2012-08-26,37,0,0,1,1,8,34,239,5.0,0,0.0
788,2012-08-27,36,0,0,0,0,8,35,240,0.0,0,0.0
789,2012-08-28,27,0,0,1,1,8,35,241,1.0,0,0.0
790,2012-08-29,30,0,0,0,0,8,35,242,2.0,0,0.0
791,2012-08-30,38,0,0,1,0,8,35,243,3.0,0,0.0
792,2012-08-31,28,0,0,1,1,8,35,244,4.0,0,1.375
793,2012-09-01,44,0,0,2,1,9,35,245,5.0,0,13.0
794,2012-09-02,40,0,0,1,1,9,35,246,0.0,0,23.75
795,2012-09-03,35,0,0,1,0,9,36,247,1.0,0,2.5
796,2012-09-04,13,0,0,0,0,9,36,248,2.0,0,15.25
797,2012-09-05,15,0,0,0,0,9,36,249,3.0,0,0.0
798,2012-09-06,19,0,0,0,0,9,36,250,4.0,0,11.375
799,2012-09-07,23,0,0,0,0,9,36,251,5.0,0,0.0
800,2012-09-08,18,0,0,1,1,9,36,252,0.0,0,0.125
801,2012-09-09,33,0,0,1,1,9,36,253,1.0,0,0.0
802,2012-09-10,28,0,0,0,0,9,37,254,2.0,0,0.0
803,2012-09-11,22,0,0,0,0,9,37,255,3.0,0,0.5
804,2012-09-12,26,0,0,0,0,9,37,256,4.0,0,3.875
805,2012-09-13,26,0,0,0,0,9,37,257,5.0,0,0.0
806,2012-09-14,25,0,0,0,0,9,37,258,0.0,0,0.0
807,2012-09-15,36,0,0,2,1,9,37,259,1.0,0,0.75
808,2012-09-16,45,0,0,2,2,9,37,260,4.0,0,1.75
809,2012-09-17,26,0,0,1,0,9,38,261,5.0,0,9.625
810,2012-09-18,34,0,0,1,0,9,38,262,0.0,0,8.75
811,2012-09-19,24,0,0,1,0,9,38,263,1.0,0,21.5
812,2012-09-20,28,0,0,1,0,9,38,264,2.0,0,0.0
813,2012-09-21,36,0,0,1,0,9,38,265,3.0,0,4.125
814,2012-09-22,49,0,0,2,1,9,38,266,4.0,0,15.125
815,2012-09-23,51,0,0,1,1,9,38,267,5.0,1,52.375
816,2012-09-24,69,0,0,1,0,9,39,268,0.0,1,23.75
817,2012-09-25,32,0,0,1,1,9,39,269,1.0,1,6.375
818,2012-09-26,45,0,0,0,0,9,39,270,2.0,1,0.0
819,2012-09-27,40,0,0,1,0,9,39,271,3.0,1,0.0
820,2012-09-28,49,0,0,1,1,9,39,272,4.0,1,0.625
821,2012-09-29,53,0,0,3,2,9,39,273,5.0,1,0.0
822,2012-09-30,52,0,0,2,2,9,39,274,0.0,1,9.875
823,2012-10-01,56,0,0,1,1,10,40,275,1.0,1,0.0
824,2012-10-02,33,0,0,1,0,10,40,276,2.0,1,0.0
825,2012-10-03,22,0,0,0,0,10,40,277,3.0,0,13.125
826,2012-10-04,26,0,0,0,0,10,40,278,4.0,0,13.375
827,2012-10-05,37,0,0,0,0,10,40,279,5.0,0,0.125
828,2012-10-06,35,0,0,2,1,10,40,280,0.0,0,6.0
829,2012-10-07,39,0,0,2,2,10,40,281,1.0,0,10.5
830,2012-10-08,29,0,0,1,0,10,41,282,2.0,0,0.0
831,2012-10-09,25,0,0,0,0,10,41,283,3.0,0,0.0
832,2012-10-10,19,0,0,0,0,10,41,284,4.0,0,0.25
833,2012-10-11,16,0,0,0,0,10,41,285,5.0,0,0.5
834,2012-10-12,28,0,0,0,0,10,41,286,0.0,0,1.0
835,2012-10-13,40,0,0,1,1,10,41,287,1.0,0,0.0
836,2012-10-14,35,0,0,1,0,10,41,288,2.0,0,3.25
837,2012-10-15,22,0,0,0,0,10,42,289,5.0,0,0.125
838,2012-10-16,14,0,0,0,0,10,42,290,0.0,0,0.0
839,2012-10-17,21,0,0,0,0,10,42,291,1.0,0,22.125
840,2012-10-18,16,0,0,0,0,10,42,292,2.0,0,20.75
841,2012-10-19,35,0,0,0,0,10,42,293,3.0,0,14.0
842,2012-10-20,46,0,0,1,1,10,42,294,4.0,0,0.0
843,2012-10-21,29,0,0,1,0,10,42,295,5.0,0,0.0
844,2012-10-22,27,0,0,0,0,10,43,296,0.0,0,0.0
845,2012-10-23,20,0,0,0,0,10,43,297,1.0,0,7.5
846,2012-10-24,33,0,0,0,0,10,43,298,2.0,0,0.0
847,2012-10-25,31,0,0,0,0,10,43,299,3.0,0,0.0
848,2012-10-26,38,0,0,1,0,10,43,300,4.0,0,0.0
849,2012-10-27,58,0,0,2,1,10,43,301,5.0,0,0.0
850,2012-10-28,50,0,0,1,1,10,43,302,0.0,0,15.75
851,2012-10-29,50,0,0,1,1,10,44,303,1.0,0,14.0
852,2012-10-30,51,0,0,0,0,10,44,304,2.0,0,0.0
853,2012-10-31,49,0,0,1,1,10,44,305,3.0,0,0.0
854,2012-11-01,34,0,0,0,0,11,44,306,4.0,0,0.0
855,2012-11-02,27,0,0,0,0,11,44,307,5.0,0,0.0
856,2012-11-03,43,0,0,2,1,11,44,308,0.0,0,0.0
857,2012-11-04,35,0,0,1,1,11,44,309,1.0,0,0.0
858,2012-11-05,25,0,0,0,0,11,45,310,2.0,0,0.5
859,2012-11-06,26,0,0,0,0,11,45,311,3.0,0,35.125
860,2012-11-07,21,0,0,0,0,11,45,312,4.0,0,0.0
861,2012-11-08,14,0,0,0,0,11,45,313,5.0,0,0.0
862,2012-11-09,27,0,0,0,0,11,45,314,0.0,0,0.0
863,2012-11-10,37,0,0,1,1,11,45,315,1.0,0,0.0
864,2012-11-11,26,0,0,0,0,11,45,316,2.0,0,16.375
865,2012-11-12,21,0,0,0,0,11,46,317,3.0,0,5.875
866,2012-11-13,22,0,0,0,0,11,46,318,4.0,0,0.0
867,2012-11-14,12,0,0,0,0,11,46,319,0.0,0,0.0
868,2012-11-15,33,0,0,0,0,11,46,320,1.0,0,0.0
869,2012-11-16,26,0,0,0,0,11,46,321,2.0,0,0.0
870,2012-11-17,38,0,0,1,1,11,46,322,3.0,0,44.125
871,2012-11-18,39,0,0,1,0,11,46,323,4.0,0,0.0
872,2012-11-19,25,0,0,0,0,11,47,324,5.0,0,0.0
873,2012-11-20,28,0,0,0,0,11,47,325,0.0,0,0.0
874,2012-11-21,38,0,0,0,0,11,47,326,1.0,0,0.0
875,2012-11-22,45,0,0,0,0,11,47,327,2.0,0,0.75
876,2012-11-23,49,0,0,2,1,11,47,328,3.0,0,4.625
877,2012-11-24,42,0,0,2,1,11,47,329,4.0,0,0.125
878,2012-11-25,46,0,0,1,1,11,47,330,5.0,0,0.0
879,2012-11-26,40,0,0,0,0,11,48,331,0.0,0,23.375
880,2012-11-27,32,0,0,1,0,11,48,332,1.0,0,0.0
881,2012-11-28,43,0,0,0,0,11,48,333,2.0,0,0.25
882,2012-11-29,44,0,0,0,0,11,48,334,3.0,0,2.625
883,2012-11-30,49,0,0,1,1,11,48,335,4.0,0,0.0
884,2012-12-01,45,0,0,2,1,12,48,336,5.0,0,0.25
885,2012-12-02,37,0,0,1,1,12,48,337,0.0,0,1.875
886,2012-12-03,40,0,0,0,0,12,49,338,1.0,0,1.375
887,2012-12-04,17,0,0,0,0,12,49,339,2.0,0,2.625
888,2012-12-05,26,0,0,0,0,12,49,340,3.0,0,0.0
889,2012-12-06,16,0,0,0,0,12,49,341,4.0,0,0.375
890,2012-12-07,19,0,0,0,0,12,49,342,5.0,0,0.0
891,2012-12-08,44,0,0,1,1,12,49,343,0.0,0,0.0
892,2012-12-09,35,0,0,1,0,12,49,344,1.0,0,0.0
893,2012-12-10,39,0,0,0,0,12,50,345,2.0,0,0.0
894,2012-12-11,22,0,0,0,0,12,50,346,3.0,0,0.0
895,2012-12-12,27,0,0,0,0,12,50,347,4.0,0,0.0
896,2012-12-13,34,0,0,0,0,12,50,348,1.0,0,0.0
897,2012-12-14,37,0,0,0,0,12,50,349,2.0,0,0.0
898,2012-12-15,50,0,0,1,1,12,50,350,3.0,0,3.125
899,2012-12-16,49,0,0,1,0,12,50,351,4.0,0,0.375
900,2012-12-17,43,0,0,0,0,12,51,352,5.0,0,0.75
901,2012-12-18,41,0,0,0,0,12,51,353,0.0,0,0.25
902,2012-12-19,39,0,0,0,0,12,51,354,1.0,0,0.0
903,2012-12-20,50,0,0,0,0,12,51,355,2.0,0,0.0
904,2012-12-21,45,0,0,0,0,12,51,356,3.0,0,0.0
905,2012-12-22,49,0,0,2,1,12,51,357,4.0,0,15.375
906,2012-12-23,46,0,0,2,3,12,51,358,5.0,0,0.0
907,2012-12-24,44,0,0,1,0,12,52,359,0.0,0,0.0
908,2012-12-25,43,0,0,1,1,12,52,360,1.0,0,0.0
909,2012-12-26,55,0,0,0,0,12,52,361,2.0,1,0.0
910,2012-12-27,48,0,0,1,0,12,52,362,3.0,1,0.0
911,2012-12-28,41,0,0,1,1,12,52,363,4.0,1,3.0
912,2012-12-29,33,0,0,2,2,12,52,364,5.0,1,2.25
913,2012-12-30,23,0,0,1,2,12,52,365,0.0,1,41.875
914,2012-12-31,0,0,1,-1,-1,12,1,366,1.0,1,0.125
915,2013-01-01,0,0,1,-1,-1,1,1,1,2.0,0,0.0
916,2013-01-02,0,0,1,-1,-1,1,1,2,3.0,0,0.0
917,2013-01-03,0,0,1,-1,-1,1,1,3,4.0,0,0.0
918,2013-01-04,38,0,0,0,0,1,1,4,5.0,0,0.0
919,2013-01-05,26,0,0,0,0,1,1,5,0.0,0,0.0
920,2013-01-06,24,0,0,0,0,1,1,6,1.0,0,0.0
921,2013-01-07,22,0,0,0,0,1,2,7,2.0,0,0.0
922,2013-01-08,12,0,0,0,0,1,2,8,3.0,0,0.0
923,2013-01-09,18,0,0,0,0,1,2,9,4.0,0,0.0
924,2013-01-10,19,0,0,0,0,1,2,10,5.0,0,0.0
925,2013-01-11,27,0,0,0,0,1,2,11,0.0,0,0.0
926,2013-01-12,39,0,0,1,0,1,2,12,2.0,0,0.0
927,2013-01-13,50,0,0,0,0,1,2,13,3.0,0,0.0
928,2013-01-14,16,0,0,0,0,1,3,14,4.0,0,55.625
929,2013-01-15,31,0,0,0,0,1,3,15,5.0,0,0.0
930,2013-01-16,33,0,0,0,0,1,3,16,0.0,0,0.0
931,2013-01-17,27,0,0,0,0,1,3,17,1.0,0,0.0
932,2013-01-18,26,0,0,0,0,1,3,18,2.0,0,0.0
933,2013-01-19,56,0,0,1,1,1,3,19,3.0,0,0.0
934,2013-01-20,43,0,0,1,0,1,3,20,4.0,0,0.0
935,2013-01-21,38,0,0,0,0,1,4,21,5.0,0,0.5
936,2013-01-22,21,0,0,0,0,1,4,22,0.0,0,3.375
937,2013-01-23,37,0,0,0,0,1,4,23,1.0,0,1.75
938,2013-01-24,29,0,0,0,0,1,4,24,2.0,0,2.0
939,2013-01-25,43,0,0,1,0,1,4,25,3.0,0,0.0
940,2013-01-26,56,0,0,2,1,1,4,26,4.0,0,0.0
941,2013-01-27,50,0,0,1,1,1,4,27,5.0,0,0.0
942,2013-01-28,42,0,0,1,0,1,5,28,0.0,0,0.125
943,2013-01-29,42,0,0,1,0,1,5,29,1.0,0,0.0
944,2013-01-30,45,0,0,1,0,1,5,30,2.0,0,0.0
945,2013-01-31,39,0,0,2,1,1,5,31,3.0,0,0.0
946,2013-02-01,48,0,0,1,1,2,5,32,4.0,0,0.0
947,2013-02-02,48,0,0,2,1,2,5,33,5.0,0,2.25
948,2013-02-03,41,0,0,1,1,2,5,34,0.0,0,0.0
949,2013-02-04,30,0,0,1,0,2,6,35,1.0,0,0.0
950,2013-02-05,29,0,0,1,0,2,6,36,2.0,0,0.0
951,2013-02-06,21,0,0,0,0,2,6,37,3.0,0,14.125
952,2013-02-07,25,0,0,0,0,2,6,38,4.0,0,0.0
953,2013-02-08,40,0,0,1,0,2,6,39,5.0,0,0.0
954,2013-02-09,36,0,0,2,1,2,6,40,0.0,0,0.0
955,2013-02-10,44,0,0,2,2,2,6,41,3.0,0,0.0
956,2013-02-11,38,0,0,0,0,2,7,42,4.0,0,0.0
957,2013-02-12,43,0,0,0,0,2,7,43,5.0,0,0.0
958,2013-02-13,39,0,0,0,0,2,7,44,0.0,0,7.875
959,2013-02-14,43,0,0,0,0,2,7,45,1.0,0,0.0
960,2013-02-15,46,0,0,0,0,2,7,46,2.0,0,4.0
961,2013-02-16,52,0,0,1,1,2,7,47,3.0,0,0.0
962,2013-02-17,47,0,0,1,0,2,7,48,4.0,0,0.0
963,2013-02-18,41,0,0,0,0,2,8,49,5.0,0,1.75
964,2013-02-19,36,0,0,0,0,2,8,50,0.0,0,2.0
965,2013-02-20,43,0,0,0,0,2,8,51,1.0,0,0.0
966,2013-02-21,37,0,0,0,0,2,8,52,2.0,0,0.0
967,2013-02-22,52,0,0,1,1,2,8,53,3.0,0,0.0
968,2013-02-23,56,0,0,3,2,2,8,54,4.0,0,0.0
969,2013-02-24,58,0,0,2,1,2,8,55,5.0,0,0.0
970,2013-02-25,66,0,0,1,1,2,9,56,0.0,0,0.0
971,2013-02-26,61,0,0,1,1,2,9,57,1.0,0,0.0
972,2013-02-27,60,0,0,1,1,2,9,58,2.0,0,3.25
973,2013-02-28,66,0,0,2,1,2,9,59,3.0,0,0.0
974,2013-03-01,55,0,0,1,1,3,9,60,4.0,0,11.625
975,2013-03-02,58,0,0,2,1,3,9,61,5.0,0,0.125
976,2013-03-03,46,0,0,1,1,3,9,62,0.0,0,0.0
977,2013-03-04,50,0,0,0,0,3,10,63,1.0,0,0.375
978,2013-03-05,43,0,0,0,0,3,10,64,2.0,0,0.25
979,2013-03-06,34,0,0,0,0,3,10,65,3.0,0,0.0
980,2013-03-07,40,0,0,0,0,3,10,66,4.0,0,0.0
981,2013-03-08,46,0,0,0,0,3,10,67,5.0,0,0.0
982,2013-03-09,45,0,0,1,1,3,10,68,0.0,0,0.0
983,2013-03-10,50,0,0,1,1,3,10,69,1.0,0,0.0
984,2013-03-11,50,0,0,0,0,3,11,70,2.0,0,0.0
985,2013-03-12,53,0,0,0,0,3,11,71,4.0,0,0.0
986,2013-03-13,49,0,0,0,0,3,11,72,5.0,0,2.625
987,2013-03-14,43,0,0,0,0,3,11,73,0.0,0,6.75
988,2013-03-15,73,0,0,2,1,3,11,74,1.0,0,0.0
989,2013-03-16,66,0,0,3,2,3,11,75,2.0,1,0.0
990,2013-03-17,59,0,0,2,2,3,11,76,3.0,1,0.0
991,2013-03-18,73,0,0,2,2,3,12,77,4.0,1,4.25
992,2013-03-19,68,0,0,2,2,3,12,78,5.0,1,0.5
993,2013-03-20,74,0,0,5,4,3,12,79,0.0,1,0.875
994,2013-03-21,71,0,0,5,4,3,12,80,1.0,1,0.0
995,2013-03-22,65,0,0,4,3,3,12,81,2.0,1,0.0
996,2013-03-23,60,0,0,5,4,3,12,82,3.0,1,0.0
997,2013-03-24,66,0,0,4,3,3,12,83,4.0,1,0.0
998,2013-03-25,76,0,0,3,3,3,13,84,5.0,1,4.25
999,2013-03-26,81,0,0,3,3,3,13,85,0.0,1,0.0
1000,2013-03-27,74,0,0,4,3,3,13,86,1.0,1,3.625
1001,2013-03-28,83,0,0,4,4,3,13,87,2.0,1,0.0
1002,2013-03-29,71,0,0,4,4,3,13,88,3.0,1,0.0
1003,2013-03-30,84,0,0,5,5,3,13,89,4.0,1,0.125
1004,2013-03-31,69,0,0,5,4,3,13,90,5.0,1,2.25
1005,2013-04-01,67,0,0,4,2,4,14,91,0.0,1,0.125
1006,2013-04-02,55,0,0,2,1,4,14,92,1.0,0,49.25
1007,2013-04-03,59,0,0,2,0,4,14,93,2.0,0,54.5
1008,2013-04-04,42,0,0,1,0,4,14,94,3.0,0,0.0
1009,2013-04-05,43,0,0,0,0,4,14,95,4.0,0,0.0
1010,2013-04-06,60,0,0,3,2,4,14,96,5.0,0,70.875
1011,2013-04-07,55,0,0,2,1,4,14,97,0.0,0,4.0
1012,2013-04-08,41,0,0,0,0,4,15,98,1.0,0,0.0
1013,2013-04-09,36,0,0,0,0,4,15,99,2.0,0,0.0
1014,2013-04-10,41,0,0,0,0,4,15,100,5.0,0,0.0
1015,2013-04-11,27,0,0,0,0,4,15,101,0.0,0,0.75
1016,2013-04-12,43,0,0,0,0,4,15,102,1.0,0,0.0
1017,2013-04-13,43,0,0,2,2,4,15,103,2.0,0,0.0
1018,2013-04-14,49,0,0,2,1,4,15,104,3.0,0,0.0
1019,2013-04-15,44,0,0,0,0,4,16,105,4.0,0,0.0
1020,2013-04-16,29,0,0,0,0,4,16,106,5.0,0,0.0
1021,2013-04-17,7,0,0,0,0,4,16,107,0.0,0,0.0
1022,2013-04-18,29,0,0,0,0,4,16,108,1.0,0,0.0
1023,2013-04-19,36,0,0,0,0,4,16,109,2.0,0,0.0
1024,2013-04-20,46,0,0,2,1,4,16,110,3.0,0,7.625
1025,2013-04-21,44,0,0,1,0,4,16,111,4.0,0,23.125
1026,2013-04-22,33,0,0,0,0,4,17,112,5.0,0,0.0
1027,2013-04-23,36,0,0,0,0,4,17,113,0.0,0,0.0
1028,2013-04-24,37,0,0,0,0,4,17,114,1.0,0,18.0
1029,2013-04-25,47,0,0,0,0,4,17,115,2.0,0,5.625
1030,2013-04-26,42,0,0,1,1,4,17,116,3.0,0,0.25
1031,2013-04-27,52,0,0,2,2,4,17,117,4.0,0,0.125
1032,2013-04-28,66,0,0,2,1,4,17,118,5.0,0,0.0
1033,2013-04-29,59,0,0,1,0,4,18,119,0.0,0,0.0
1034,2013-04-30,56,0,0,2,1,4,18,120,1.0,0,0.0
1035,2013-05-01,47,0,0,0,0,5,18,121,2.0,0,6.375
1036,2013-05-02,27,0,0,0,0,5,18,122,3.0,0,3.125
1037,2013-05-03,46,0,0,1,1,5,18,123,4.0,0,0.0
1038,2013-05-04,27,0,0,2,1,5,18,124,5.0,0,0.0
1039,2013-05-05,17,0,0,1,0,5,18,125,0.0,0,0.0
1040,2013-05-06,24,0,0,0,0,5,19,126,1.0,0,0.0
1041,2013-05-07,30,0,0,0,0,5,19,127,2.0,0,0.0
1042,2013-05-08,24,0,0,0,0,5,19,128,3.0,0,0.0
1043,2013-05-09,17,0,0,0,0,5,19,129,4.0,0,0.0
1044,2013-05-10,26,0,0,0,0,5,19,130,0.0,0,0.0
1045,2013-05-11,44,0,0,1,1,5,19,131,1.0,0,22.0
1046,2013-05-12,38,0,0,0,0,5,19,132,2.0,0,3.5
1047,2013-05-13,32,0,0,0,0,5,20,133,3.0,0,0.0
1048,2013-05-14,22,0,0,0,0,5,20,134,4.0,0,0.0
1049,2013-05-15,24,0,0,0,0,5,20,135,5.0,0,0.0
1050,2013-05-16,29,0,0,0,0,5,20,136,0.0,0,9.125
1051,2013-05-17,38,0,0,1,0,5,20,137,1.0,0,0.0
1052,2013-05-18,47,0,0,1,1,5,20,138,2.0,0,0.0
1053,2013-05-19,52,0,0,1,0,5,20,139,3.0,0,3.25
1054,2013-05-20,37,0,0,0,0,5,21,140,4.0,0,12.75
1055,2013-05-21,23,0,0,0,0,5,21,141,5.0,0,0.25
1056,2013-05-22,22,0,0,0,0,5,21,142,0.0,0,0.0
1057,2013-05-23,26,0,0,0,0,5,21,143,1.0,0,0.0
1058,2013-05-24,30,0,0,1,1,5,21,144,2.0,0,0.0
1059,2013-05-25,52,0,0,2,1,5,21,145,3.0,0,0.0
1060,2013-05-26,42,0,0,1,1,5,21,146,4.0,0,0.0
1061,2013-05-27,47,0,0,0,0,5,22,147,5.0,0,0.0
1062,2013-05-28,32,0,0,0,0,5,22,148,0.0,0,0.0
1063,2013-05-29,40,0,0,1,1,5,22,149,1.0,0,0.0
1064,2013-05-30,42,0,0,1,0,5,22,150,2.0,0,2.375
1065,2013-05-31,54,0,0,1,1,5,22,151,3.0,0,0.625
1066,2013-06-01,57,0,0,2,1,6,22,152,4.0,0,0.0
1067,2013-06-02,42,0,0,1,1,6,22,153,5.0,0,0.0
1068,2013-06-03,31,0,0,0,0,6,23,154,0.0,0,0.0
1069,2013-06-04,18,0,0,0,0,6,23,155,1.0,0,0.0
1070,2013-06-05,18,0,0,0,0,6,23,156,2.0,0,0.0
1071,2013-06-06,29,0,0,0,0,6,23,157,3.0,0,0.0
1072,2013-06-07,21,0,0,0,0,6,23,158,4.0,0,0.0
1073,2013-06-08,40,0,0,1,0,6,23,159,5.0,0,0.375
1074,2013-06-09,32,0,0,0,0,6,23,160,1.0,0,0.0
1075,2013-06-10,28,0,0,0,0,6,24,161,2.0,0,0.0
1076,2013-06-11,16,0,0,0,0,6,24,162,3.0,0,3.375
1077,2013-06-12,20,0,0,0,0,6,24,163,4.0,0,8.125
1078,2013-06-13,29,0,0,0,0,6,24,164,5.0,0,30.625
1079,2013-06-14,28,0,0,0,0,6,24,165,0.0,0,8.25
1080,2013-06-15,53,0,0,1,1,6,24,166,1.0,0,0.375
1081,2013-06-16,43,0,0,0,0,6,24,167,2.0,0,24.5
1082,2013-06-17,36,0,0,0,0,6,25,168,3.0,0,0.0
1083,2013-06-18,24,0,0,0,0,6,25,169,4.0,0,0.0
1084,2013-06-19,20,0,0,0,0,6,25,170,5.0,0,2.25
1085,2013-06-20,29,0,0,0,0,6,25,171,0.0,0,10.375
1086,2013-06-21,35,0,0,1,1,6,25,172,1.0,0,9.5
1087,2013-06-22,55,0,0,1,1,6,25,173,2.0,0,0.375
1088,2013-06-23,56,0,0,1,1,6,25,174,3.0,0,0.375
1089,2013-06-24,44,0,0,0,0,6,26,175,4.0,0,1.0
1090,2013-06-25,48,0,0,0,0,6,26,176,5.0,0,12.75
1091,2013-06-26,40,0,0,0,0,6,26,177,0.0,0,41.0
1092,2013-06-27,53,0,0,1,1,6,26,178,1.0,0,1.375
1093,2013-06-28,61,0,0,1,1,6,26,179,2.0,0,0.0
1094,2013-06-29,84,0,0,2,2,6,26,180,3.0,0,0.625
1095,2013-06-30,77,0,0,1,1,6,26,181,4.0,0,0.0
1096,2013-07-01,37,0,0,1,1,7,27,182,5.0,0,0.375
1097,2013-07-02,27,0,0,0,0,7,27,183,0.0,0,0.0
1098,2013-07-03,38,0,0,0,0,7,27,184,1.0,0,0.0
1099,2013-07-04,22,0,0,0,0,7,27,185,2.0,0,0.75
1100,2013-07-05,27,0,0,0,0,7,27,186,3.0,0,7.625
1101,2013-07-06,51,0,0,2,1,7,27,187,4.0,0,0.0
1102,2013-07-07,41,0,0,1,1,7,27,188,5.0,0,2.25
1103,2013-07-08,37,0,0,0,0,7,28,189,2.0,0,9.25
1104,2013-07-09,20,0,0,0,0,7,28,190,3.0,0,0.0
1105,2013-07-10,28,0,0,0,0,7,28,191,4.0,0,0.0
1106,2013-07-11,19,0,0,0,0,7,28,192,5.0,0,0.0
1107,2013-07-12,29,0,0,0,0,7,28,193,0.0,0,0.0
1108,2013-07-13,50,0,0,2,1,7,28,194,1.0,0,0.0
1109,2013-07-14,45,0,0,2,2,7,28,195,2.0,0,9.125
1110,2013-07-15,45,0,0,1,0,7,29,196,3.0,0,0.0
1111,2013-07-16,47,0,0,0,0,7,29,197,4.0,0,0.0
1112,2013-07-17,24,0,0,0,0,7,29,198,5.0,0,10.75
1113,2013-07-18,31,0,0,0,0,7,29,199,0.0,0,2.125
1114,2013-07-19,42,0,0,1,0,7,29,200,1.0,0,0.0
1115,2013-07-20,47,0,0,1,1,7,29,201,2.0,0,0.0
1116,2013-07-21,40,0,0,1,0,7,29,202,3.0,0,0.0
1117,2013-07-22,31,0,0,0,0,7,30,203,4.0,0,0.25
1118,2013-07-23,32,0,0,0,0,7,30,204,5.0,0,14.75
1119,2013-07-24,28,0,0,0,0,7,30,205,0.0,0,4.25
1120,2013-07-25,48,0,0,1,0,7,30,206,1.0,0,0.375
1121,2013-07-26,51,0,0,1,1,7,30,207,2.0,0,0.0
1122,2013-07-27,53,0,0,2,2,7,30,208,3.0,0,17.375
1123,2013-07-28,57,0,0,2,1,7,30,209,4.0,0,3.125
1124,2013-07-29,53,0,0,0,0,7,31,210,5.0,0,9.125
1125,2013-07-30,57,0,0,1,1,7,31,211,0.0,0,0.0
1126,2013-07-31,52,0,0,2,1,7,31,212,1.0,0,0.0
1127,2013-08-01,48,0,0,1,0,8,31,213,2.0,0,0.375
1128,2013-08-02,45,0,0,0,0,8,31,214,3.0,0,0.0
1129,2013-08-03,43,0,0,2,1,8,31,215,4.0,0,0.0
1130,2013-08-04,39,0,0,1,0,8,31,216,5.0,0,1.125
1131,2013-08-05,39,0,0,0,0,8,32,217,0.0,0,0.0
1132,2013-08-06,30,0,0,0,0,8,32,218,1.0,0,2.875
1133,2013-08-07,30,0,0,0,0,8,32,219,3.0,0,0.0
1134,2013-08-08,27,0,0,0,0,8,32,220,4.0,0,0.0
1135,2013-08-09,30,0,0,0,0,8,32,221,5.0,0,0.0
1136,2013-08-10,43,0,0,1,1,8,32,222,0.0,0,0.0
1137,2013-08-11,49,0,0,1,0,8,32,223,1.0,0,0.0
1138,2013-08-12,0,0,1,-1,-1,8,33,224,2.0,0,1.25
1139,2013-08-13,39,0,0,0,0,8,33,225,3.0,0,2.5
1140,2013-08-14,30,0,0,0,0,8,33,226,4.0,0,0.0
1141,2013-08-15,40,0,0,0,0,8,33,227,5.0,0,0.0
1142,2013-08-16,39,0,0,0,0,8,33,228,0.0,0,0.0
1143,2013-08-17,37,0,0,1,0,8,33,229,1.0,0,0.0
1144,2013-08-18,32,0,0,0,0,8,33,230,2.0,0,0.0
1145,2013-08-19,30,0,0,0,0,8,34,231,3.0,0,0.0
1146,2013-08-20,32,0,0,0,0,8,34,232,4.0,0,2.625
1147,2013-08-21,30,0,0,0,0,8,34,233,5.0,0,12.75
1148,2013-08-22,37,0,0,0,0,8,34,234,0.0,0,0.375
1149,2013-08-23,39,0,0,0,0,8,34,235,1.0,0,16.5
1150,2013-08-24,61,0,0,1,1,8,34,236,2.0,0,1.0
1151,2013-08-25,52,0,0,1,1,8,34,237,3.0,0,5.0
1152,2013-08-26,44,0,0,0,0,8,35,238,4.0,0,4.5
1153,2013-08-27,46,0,0,0,0,8,35,239,5.0,0,24.75
1154,2013-08-28,49,0,0,0,0,8,35,240,0.0,0,0.0
1155,2013-08-29,50,0,0,1,0,8,35,241,1.0,0,0.0
1156,2013-08-30,57,0,0,1,0,8,35,242,2.0,0,0.0
1157,2013-08-31,66,0,0,2,2,8,35,243,3.0,0,0.0
1158,2013-09-01,54,0,0,2,0,9,35,244,4.0,0,1.5
1159,2013-09-02,42,0,0,1,0,9,36,245,5.0,0,0.625
1160,2013-09-03,36,0,0,0,0,9,36,246,0.0,0,0.875
1161,2013-09-04,24,0,0,0,0,9,36,247,1.0,0,15.25
1162,2013-09-05,25,0,0,0,0,9,36,248,4.0,0,32.125
1163,2013-09-06,23,0,0,0,0,9,36,249,5.0,0,0.0
1164,2013-09-07,38,0,0,1,1,9,36,250,0.0,0,0.0
1165,2013-09-08,34,0,0,1,1,9,36,251,1.0,0,22.875
1166,2013-09-09,38,0,0,0,0,9,37,252,2.0,0,0.25
1167,2013-09-10,33,0,0,0,0,9,37,253,3.0,0,1.125
1168,2013-09-11,21,0,0,0,0,9,37,254,4.0,0,2.75
1169,2013-09-12,29,0,0,0,0,9,37,255,5.0,0,0.0
1170,2013-09-13,31,0,0,0,0,9,37,256,0.0,0,0.0
1171,2013-09-14,45,0,0,2,1,9,37,257,1.0,0,0.0
1172,2013-09-15,47,0,0,2,1,9,37,258,2.0,0,89.375
1173,2013-09-16,31,0,0,0,0,9,38,259,3.0,0,16.25
1174,2013-09-17,34,0,0,0,0,9,38,260,4.0,0,0.0
1175,2013-09-18,27,0,0,0,0,9,38,261,5.0,0,0.0
1176,2013-09-19,33,0,0,0,0,9,38,262,0.0,0,0.0
1177,2013-09-20,50,0,0,0,0,9,38,263,1.0,0,0.0
1178,2013-09-21,60,0,0,2,1,9,38,264,2.0,0,0.0
1179,2013-09-22,60,0,0,2,2,9,38,265,3.0,0,0.0
1180,2013-09-23,46,0,0,1,1,9,39,266,4.0,1,1.125
1181,2013-09-24,63,0,0,0,0,9,39,267,5.0,1,1.5
1182,2013-09-25,53,0,0,0,0,9,39,268,0.0,1,25.875
1183,2013-09-26,63,0,0,1,0,9,39,269,1.0,1,3.25
1184,2013-09-27,61,0,0,1,0,9,39,270,2.0,1,0.0
1185,2013-09-28,58,0,0,2,1,9,39,271,3.0,1,0.0
1186,2013-09-29,65,0,0,1,1,9,39,272,4.0,1,0.0
1187,2013-09-30,62,0,0,1,0,9,40,273,5.0,1,0.0
1188,2013-10-01,50,0,0,1,0,10,40,274,0.0,1,7.875
1189,2013-10-02,52,0,0,1,0,10,40,275,1.0,1,27.25
1190,2013-10-03,36,0,0,0,0,10,40,276,2.0,0,0.25
1191,2013-10-04,40,0,0,0,0,10,40,277,3.0,0,2.5
1192,2013-10-05,45,0,0,1,1,10,40,278,5.0,0,18.5
1193,2013-10-06,39,0,0,1,0,10,40,279,0.0,0,0.75
1194,2013-10-07,35,0,0,0,0,10,41,280,1.0,0,0.125
1195,2013-10-08,22,0,0,0,0,10,41,281,2.0,0,0.0
1196,2013-10-09,28,0,0,0,0,10,41,282,3.0,0,0.0
1197,2013-10-10,43,0,0,0,0,10,41,283,4.0,0,0.625
1198,2013-10-11,38,0,0,0,0,10,41,284,5.0,0,0.625
1199,2013-10-12,46,0,0,1,1,10,41,285,0.0,0,0.0
1200,2013-10-13,52,0,0,2,2,10,41,286,1.0,0,0.0
1201,2013-10-14,8,0,0,1,0,10,42,287,2.0,0,0.0
1202,2013-10-15,32,0,0,0,0,10,42,288,3.0,0,69.25
1203,2013-10-16,29,0,0,0,0,10,42,289,4.0,0,164.0
1204,2013-10-17,31,0,0,0,0,10,42,290,5.0,0,0.0
1205,2013-10-18,32,0,0,0,0,10,42,291,0.0,0,0.0
1206,2013-10-19,43,0,0,2,1,10,42,292,1.0,0,2.5
1207,2013-10-20,48,0,0,1,1,10,42,293,2.0,0,57.625
1208,2013-10-21,28,0,0,0,0,10,43,294,3.0,0,0.125
1209,2013-10-22,35,0,0,0,0,10,43,295,4.0,0,0.0
1210,2013-10-23,36,0,0,0,0,10,43,296,5.0,0,0.0
1211,2013-10-24,39,0,0,0,0,10,43,297,0.0,0,1.375
1212,2013-10-25,49,0,0,1,0,10,43,298,1.0,0,15.125
1213,2013-10-26,52,0,0,2,1,10,43,299,2.0,0,45.25
1214,2013-10-27,51,0,0,1,1,10,43,300,3.0,0,1.0
1215,2013-10-28,46,0,0,1,0,10,44,301,4.0,0,0.0
1216,2013-10-29,42,0,0,1,0,10,44,302,5.0,0,5.0
1217,2013-10-30,41,0,0,1,0,10,44,303,0.0,0,0.25
1218,2013-10-31,44,0,0,1,1,10,44,304,1.0,0,0.125
1219,2013-11-01,48,0,0,1,0,11,44,305,2.0,0,0.0
1220,2013-11-02,44,0,0,2,1,11,44,306,3.0,0,0.25
1221,2013-11-03,37,0,0,1,2,11,44,307,0.0,0,0.0
1222,2013-11-04,33,0,0,0,0,11,45,308,1.0,0,10.125
1223,2013-11-05,36,0,0,0,0,11,45,309,2.0,0,0.0
1224,2013-11-06,26,0,0,0,0,11,45,310,3.0,0,0.0
1225,2013-11-07,22,0,0,0,0,11,45,311,4.0,0,5.75
1226,2013-11-08,29,0,0,0,0,11,45,312,5.0,0,0.0
1227,2013-11-09,38,0,0,1,0,11,45,313,0.0,0,0.0
1228,2013-11-10,34,0,0,0,0,11,45,314,1.0,0,0.0
1229,2013-11-11,20,0,0,0,0,11,46,315,2.0,0,1.75
1230,2013-11-12,20,0,0,0,0,11,46,316,3.0,0,0.0
1231,2013-11-13,18,0,0,0,0,11,46,317,4.0,0,0.0
1232,2013-11-14,30,0,0,0,0,11,46,318,5.0,0,0.0
1233,2013-11-15,25,0,0,0,0,11,46,319,0.0,0,0.875
1234,2013-11-16,52,0,0,1,1,11,46,320,1.0,0,0.0
1235,2013-11-17,35,0,0,0,0,11,46,321,2.0,0,0.0
1236,2013-11-18,26,0,0,0,0,11,47,322,3.0,0,0.0
1237,2013-11-19,21,0,0,0,0,11,47,323,4.0,0,0.0
1238,2013-11-20,33,0,0,0,0,11,47,324,5.0,0,0.0
1239,2013-11-21,29,0,0,0,0,11,47,325,0.0,0,0.0
1240,2013-11-22,41,0,0,0,0,11,47,326,1.0,0,0.0
1241,2013-11-23,44,0,0,1,1,11,47,327,2.0,0,0.0
1242,2013-11-24,39,0,0,1,1,11,47,328,3.0,0,0.0
1243,2013-11-25,41,0,0,0,0,11,48,329,4.0,0,7.5
1244,2013-11-26,40,0,0,0,0,11,48,330,5.0,0,0.875
1245,2013-11-27,39,0,0,0,0,11,48,331,0.0,0,0.0
1246,2013-11-28,39,0,0,1,1,11,48,332,1.0,0,0.0
1247,2013-11-29,48,0,0,1,1,11,48,333,2.0,0,0.0
1248,2013-11-30,47,0,0,2,2,11,48,334,3.0,0,0.0
1249,2013-12-01,39,0,0,2,1,12,48,335,4.0,0,0.0
1250,2013-12-02,38,0,0,1,0,12,49,336,5.0,0,0.0
1251,2013-12-03,37,0,0,1,0,12,49,337,1.0,0,0.0
1252,2013-12-04,23,0,0,0,0,12,49,338,2.0,0,0.0
1253,2013-12-05,27,0,0,0,0,12,49,339,3.0,0,0.0
1254,2013-12-06,31,0,0,0,0,12,49,340,4.0,0,0.0
1255,2013-12-07,44,0,0,1,1,12,49,341,5.0,0,0.0
1256,2013-12-08,45,0,0,1,0,12,49,342,0.0,0,0.0
1257,2013-12-09,32,0,0,0,0,12,50,343,1.0,0,0.0
1258,2013-12-10,26,0,0,0,0,12,50,344,2.0,0,11.875
1259,2013-12-11,16,0,0,0,0,12,50,345,3.0,0,0.0
1260,2013-12-12,21,0,0,0,0,12,50,346,4.0,0,0.0
1261,2013-12-13,41,0,0,0,0,12,50,347,5.0,0,0.0
1262,2013-12-14,46,0,0,1,1,12,50,348,0.0,0,0.0
1263,2013-12-15,44,0,0,1,0,12,50,349,1.0,0,0.0
1264,2013-12-16,48,0,0,0,0,12,51,350,2.0,0,0.0
1265,2013-12-17,31,0,0,0,0,12,51,351,3.0,0,0.0
1266,2013-12-18,39,0,0,0,0,12,51,352,4.0,0,6.875
1267,2013-12-19,42,0,0,0,0,12,51,353,5.0,0,22.0
1268,2013-12-20,55,0,0,1,0,12,51,354,0.0,0,13.375
1269,2013-12-21,45,0,0,2,1,12,51,355,1.0,0,0.0
1270,2013-12-22,50,0,0,1,1,12,51,356,2.0,0,0.0
1271,2013-12-23,47,0,0,1,1,12,52,357,3.0,0,0.0
1272,2013-12-24,42,0,0,0,0,12,52,358,4.0,0,0.0
1273,2013-12-25,35,0,0,0,0,12,52,359,5.0,0,0.0
1274,2013-12-26,43,0,0,1,0,12,52,360,0.0,1,1.0
1275,2013-12-27,29,0,0,1,1,12,52,361,1.0,1,1.625
1276,2013-12-28,37,0,0,2,2,12,52,362,2.0,1,0.0
1277,2013-12-29,46,0,0,2,2,12,52,363,3.0,1,0.0
1278,2013-12-30,25,0,0,1,2,12,1,364,4.0,1,0.0
1279,2013-12-31,0,0,1,-1,-1,12,1,365,5.0,1,0.0
1280,2014-01-01,0,0,1,-1,-1,1,1,1,2.0,0,0.0
1281,2014-01-02,0,0,1,-1,-1,1,1,2,3.0,0,0.0
1282,2014-01-03,0,0,1,-1,-1,1,1,3,4.0,0,0.0
1283,2014-01-04,34,0,0,0,0,1,1,4,5.0,0,0.0
1284,2014-01-05,27,0,0,0,0,1,1,5,0.0,0,0.0
1285,2014-01-06,31,0,0,0,0,1,2,6,1.0,0,0.0
1286,2014-01-07,16,0,0,0,0,1,2,7,2.0,0,0.0
1287,2014-01-08,20,0,0,0,0,1,2,8,3.0,0,15.125
1288,2014-01-09,15,0,0,0,0,1,2,9,4.0,0,4.75
1289,2014-01-10,35,0,0,0,0,1,2,10,5.0,0,0.0
1290,2014-01-11,42,0,0,0,0,1,2,11,0.0,0,0.0
1291,2014-01-12,44,0,0,0,0,1,2,12,1.0,0,0.0
1292,2014-01-13,17,0,0,0,0,1,3,13,2.0,0,0.0
1293,2014-01-14,25,0,0,0,0,1,3,14,3.0,0,0.0
1294,2014-01-15,30,0,0,0,0,1,3,15,4.0,0,0.0
1295,2014-01-16,36,0,0,0,0,1,3,16,5.0,0,0.0
1296,2014-01-17,32,0,0,0,0,1,3,17,0.0,0,0.0
1297,2014-01-18,50,0,0,1,1,1,3,18,1.0,0,0.0
1298,2014-01-19,40,0,0,0,0,1,3,19,2.0,0,0.0
1299,2014-01-20,33,0,0,0,0,1,4,20,3.0,0,0.0
1300,2014-01-21,28,0,0,0,0,1,4,21,4.0,0,1.0
1301,2014-01-22,33,0,0,0,0,1,4,22,5.0,0,0.875
1302,2014-01-23,24,0,0,0,0,1,4,23,0.0,0,0.0
1303,2014-01-24,46,0,0,1,0,1,4,24,1.0,0,0.0
1304,2014-01-25,48,0,0,2,1,1,4,25,2.0,0,0.0
1305,2014-01-26,40,0,0,1,1,1,4,26,3.0,0,1.625
1306,2014-01-27,37,0,0,0,0,1,5,27,4.0,0,0.0
1307,2014-01-28,34,0,0,0,0,1,5,28,5.0,0,0.0
1308,2014-01-29,34,0,0,0,0,1,5,29,0.0,0,0.0
1309,2014-01-30,45,0,0,1,1,1,5,30,1.0,0,2.625
1310,2014-01-31,48,0,0,1,1,1,5,31,3.0,0,0.0
1311,2014-02-01,50,0,0,2,1,2,5,32,4.0,0,0.0
1312,2014-02-02,44,0,0,1,0,2,5,33,5.0,0,0.0
1313,2014-02-03,31,0,0,1,1,2,6,34,0.0,0,0.0
1314,2014-02-04,38,0,0,0,0,2,6,35,1.0,0,4.0
1315,2014-02-05,24,0,0,0,0,2,6,36,2.0,0,0.0
1316,2014-02-06,33,0,0,0,0,2,6,37,3.0,0,0.0
1317,2014-02-07,32,0,0,1,1,2,6,38,4.0,0,0.0
1318,2014-02-08,32,0,0,1,1,2,6,39,5.0,0,30.375
1319,2014-02-09,43,0,0,1,0,2,6,40,0.0,0,1.375
1320,2014-02-10,52,0,0,0,0,2,7,41,1.0,0,0.0
1321,2014-02-11,44,0,0,0,0,2,7,42,2.0,0,0.375
1322,2014-02-12,40,0,0,0,0,2,7,43,3.0,0,0.0
1323,2014-02-13,40,0,0,0,0,2,7,44,4.0,0,0.0
1324,2014-02-14,31,0,0,1,0,2,7,45,5.0,0,26.875
1325,2014-02-15,44,0,0,2,2,2,7,46,0.0,0,61.625
1326,2014-02-16,49,0,0,2,1,2,7,47,1.0,0,0.0
1327,2014-02-17,42,0,0,0,0,2,8,48,2.0,0,0.0
1328,2014-02-18,40,0,0,0,0,2,8,49,3.0,0,0.0
1329,2014-02-19,38,0,0,0,0,2,8,50,4.0,0,0.0
1330,2014-02-20,37,0,0,0,0,2,8,51,5.0,0,0.0
1331,2014-02-21,44,0,0,1,1,2,8,52,0.0,0,0.0
1332,2014-02-22,50,0,0,3,2,2,8,53,1.0,0,0.0
1333,2014-02-23,55,0,0,2,2,2,8,54,2.0,0,0.0
1334,2014-02-24,53,0,0,1,1,2,9,55,3.0,0,0.0
1335,2014-02-25,53,0,0,1,0,2,9,56,4.0,0,0.0
1336,2014-02-26,51,0,0,1,0,2,9,57,5.0,0,0.0
1337,2014-02-27,51,0,0,1,1,2,9,58,0.0,0,4.5
1338,2014-02-28,56,0,0,2,2,2,9,59,1.0,0,6.75
1339,2014-03-01,55,0,0,2,2,3,9,60,4.0,0,1.25
1340,2014-03-02,48,0,0,1,1,3,9,61,5.0,0,12.375
1341,2014-03-03,45,0,0,1,0,3,10,62,0.0,0,0.75
1342,2014-03-04,43,0,0,1,1,3,10,63,1.0,0,0.5
1343,2014-03-05,45,0,0,0,0,3,10,64,2.0,0,30.125
1344,2014-03-06,46,0,0,0,0,3,10,65,3.0,0,0.0
1345,2014-03-07,57,0,0,0,0,3,10,66,4.0,0,0.0
1346,2014-03-08,42,0,0,2,1,3,10,67,5.0,0,0.0
1347,2014-03-09,53,0,0,1,0,3,10,68,0.0,0,0.0
1348,2014-03-10,42,0,0,0,0,3,11,69,1.0,0,0.0
1349,2014-03-11,42,0,0,0,0,3,11,70,2.0,0,0.0
1350,2014-03-12,53,0,0,0,0,3,11,71,3.0,0,0.0
1351,2014-03-13,56,0,0,1,0,3,11,72,4.0,0,25.375
1352,2014-03-14,43,0,0,1,1,3,11,73,5.0,0,0.5
1353,2014-03-15,70,0,0,3,2,3,11,74,0.0,0,0.0
1354,2014-03-16,84,0,0,3,2,3,11,75,1.0,1,0.0
1355,2014-03-17,77,0,0,2,1,3,12,76,2.0,1,0.0
1356,2014-03-18,75,0,0,2,1,3,12,77,3.0,1,0.0
1357,2014-03-19,63,0,0,2,2,3,12,78,4.0,1,0.0
1358,2014-03-20,81,0,0,2,2,3,12,79,5.0,1,17.625
1359,2014-03-21,78,0,0,3,3,3,12,80,0.0,1,0.0
1360,2014-03-22,69,0,0,5,4,3,12,81,1.0,1,0.0
1361,2014-03-23,77,0,0,4,3,3,12,82,2.0,1,0.0
1362,2014-03-24,81,0,0,3,3,3,13,83,3.0,1,0.0
1363,2014-03-25,72,0,0,5,5,3,13,84,4.0,1,0.0
1364,2014-03-26,88,0,0,5,5,3,13,85,5.0,1,0.0
1365,2014-03-27,69,0,0,5,4,3,13,86,0.0,1,2.125
1366,2014-03-28,62,0,0,4,4,3,13,87,1.0,1,0.125
1367,2014-03-29,58,0,0,5,5,3,13,88,2.0,1,0.0
1368,2014-03-30,46,0,0,5,5,3,13,89,3.0,1,13.5
1369,2014-03-31,53,0,0,4,5,3,14,90,5.0,1,0.0
1370,2014-04-01,44,0,0,4,4,4,14,91,0.0,1,0.0
1371,2014-04-02,41,0,0,3,2,4,14,92,1.0,0,0.0
1372,2014-04-03,57,0,0,1,1,4,14,93,2.0,0,46.875
1373,2014-04-04,48,0,0,1,1,4,14,94,3.0,0,32.375
1374,2014-04-05,56,0,0,5,4,4,14,95,4.0,0,0.0
1375,2014-04-06,45,0,0,4,3,4,14,96,5.0,0,6.125
1376,2014-04-07,48,0,0,1,1,4,15,97,0.0,0,0.0
1377,2014-04-08,45,0,0,1,0,4,15,98,1.0,0,0.0
1378,2014-04-09,41,0,0,0,0,4,15,99,2.0,0,0.0
1379,2014-04-10,45,0,0,0,0,4,15,100,3.0,0,0.0
1380,2014-04-11,45,0,0,1,1,4,15,101,4.0,0,0.0
1381,2014-04-12,60,0,0,3,2,4,15,102,5.0,0,0.0
1382,2014-04-13,56,0,0,2,1,4,15,103,0.0,0,0.0
1383,2014-04-14,38,0,0,0,0,4,16,104,1.0,0,0.0
1384,2014-04-15,32,0,0,0,0,4,16,105,2.0,0,0.0
1385,2014-04-16,44,0,0,0,0,4,16,106,3.0,0,0.0
1386,2014-04-17,23,0,0,0,0,4,16,107,4.0,0,0.0
1387,2014-04-18,38,0,0,1,0,4,16,108,5.0,0,2.125
1388,2014-04-19,52,0,0,2,2,4,16,109,0.0,0,0.125
1389,2014-04-20,48,0,0,2,1,4,16,110,1.0,0,0.125
1390,2014-04-21,45,0,0,0,0,4,17,111,2.0,0,6.75
1391,2014-04-22,39,0,0,0,0,4,17,112,3.0,0,4.375
1392,2014-04-23,32,0,0,0,0,4,17,113,4.0,0,1.75
1393,2014-04-24,47,0,0,0,0,4,17,114,5.0,0,0.0
1394,2014-04-25,47,0,0,1,1,4,17,115,0.0,0,0.0
1395,2014-04-26,51,0,0,4,3,4,17,116,1.0,0,0.0
1396,2014-04-27,58,0,0,2,2,4,17,117,2.0,0,0.0
1397,2014-04-28,54,0,0,1,1,4,18,118,3.0,0,0.0
1398,2014-04-29,56,0,0,2,1,4,18,119,0.0,0,0.0
1399,2014-04-30,47,0,0,2,1,4,18,120,1.0,0,29.625
1400,2014-05-01,47,0,0,1,0,5,18,121,2.0,0,12.125
1401,2014-05-02,33,0,0,0,0,5,18,122,3.0,0,0.0
1402,2014-05-03,34,0,0,2,1,5,18,123,4.0,0,0.0
1403,2014-05-04,37,0,0,2,0,5,18,124,5.0,0,0.0
1404,2014-05-05,39,0,0,1,0,5,19,125,0.0,0,0.0
1405,2014-05-06,30,0,0,0,0,5,19,126,1.0,0,1.875
1406,2014-05-07,28,0,0,0,0,5,19,127,2.0,0,0.0
1407,2014-05-08,24,0,0,0,0,5,19,128,3.0,0,0.0
1408,2014-05-09,27,0,0,0,0,5,19,129,4.0,0,1.125
1409,2014-05-10,41,0,0,1,0,5,19,130,5.0,0,0.0
1410,2014-05-11,28,0,0,0,0,5,19,131,0.0,0,0.0
1411,2014-05-12,21,0,0,0,0,5,20,132,1.0,0,1.0
1412,2014-05-13,18,0,0,0,0,5,20,133,2.0,0,6.75
1413,2014-05-14,24,0,0,0,0,5,20,134,3.0,0,0.0
1414,2014-05-15,28,0,0,0,0,5,20,135,4.0,0,2.5
1415,2014-05-16,19,0,0,0,0,5,20,136,5.0,0,0.0
1416,2014-05-17,43,0,0,1,1,5,20,137,0.0,0,0.0
1417,2014-05-18,42,0,0,1,0,5,20,138,1.0,0,0.0
1418,2014-05-19,27,0,0,0,0,5,21,139,2.0,0,0.0
1419,2014-05-20,19,1,0,0,0,5,21,140,3.0,0,1.125
1420,2014-05-21,32,0,0,0,0,5,21,141,4.0,0,46.25
1421,2014-05-22,29,0,0,0,0,5,21,142,5.0,0,8.375
1422,2014-05-23,30,0,0,1,0,5,21,143,0.0,0,0.0
1423,2014-05-24,45,0,0,2,1,5,21,144,1.0,0,0.0
1424,2014-05-25,35,0,0,1,1,5,21,145,2.0,0,0.0
1425,2014-05-26,34,0,0,1,0,5,22,146,3.0,0,6.25
1426,2014-05-27,36,0,0,1,0,5,22,147,4.0,0,25.0
1427,2014-05-28,37,0,0,1,0,5,22,148,5.0,0,0.0
1428,2014-05-29,45,0,0,1,1,5,22,149,1.0,0,0.0
1429,2014-05-30,36,0,0,1,1,5,22,150,2.0,0,0.0
1430,2014-05-31,49,0,0,2,2,5,22,151,3.0,0,0.0
1431,2014-06-01,45,0,0,1,1,6,22,152,4.0,0,0.0
1432,2014-06-02,35,0,0,0,0,6,23,153,5.0,0,0.0
1433,2014-06-03,24,0,0,0,0,6,23,154,0.0,0,0.0
1434,2014-06-04,24,0,0,0,0,6,23,155,1.0,0,0.0
1435,2014-06-05,26,0,0,0,0,6,23,156,2.0,0,16.25
1436,2014-06-06,34,0,0,0,0,6,23,157,3.0,0,123.875
1437,2014-06-07,36,0,0,2,1,6,23,158,4.0,0,68.0
1438,2014-06-08,32,0,0,1,0,6,23,159,5.0,0,17.125
1439,2014-06-09,27,0,0,0,0,6,24,160,0.0,0,9.75
1440,2014-06-10,26,0,0,0,0,6,24,161,1.0,0,2.0
1441,2014-06-11,16,0,0,0,0,6,24,162,2.0,0,21.875
1442,2014-06-12,16,0,0,0,0,6,24,163,3.0,0,19.625
1443,2014-06-13,30,0,0,0,0,6,24,164,4.0,0,0.375
1444,2014-06-14,45,1,0,1,1,6,24,165,5.0,0,0.0
1445,2014-06-15,40,0,0,1,0,6,24,166,0.0,0,0.0
1446,2014-06-16,35,0,0,0,0,6,25,167,1.0,0,0.0
1447,2014-06-17,26,0,0,0,0,6,25,168,2.0,0,0.0
1448,2014-06-18,22,0,0,0,0,6,25,169,3.0,0,0.25
1449,2014-06-19,26,0,0,0,0,6,25,170,4.0,0,1.25
1450,2014-06-20,35,0,0,0,0,6,25,171,5.0,0,1.0
1451,2014-06-21,48,0,0,1,1,6,25,172,0.0,0,0.0
1452,2014-06-22,46,0,0,2,1,6,25,173,1.0,0,7.25
1453,2014-06-23,42,0,0,0,0,6,26,174,2.0,0,3.5
1454,2014-06-24,34,0,0,0,0,6,26,175,3.0,0,4.5
1455,2014-06-25,35,0,0,0,0,6,26,176,4.0,0,3.25
1456,2014-06-26,33,0,0,0,0,6,26,177,5.0,0,3.75
1457,2014-06-27,48,0,0,1,1,6,26,178,2.0,0,2.125
1458,2014-06-28,56,0,0,2,2,6,26,179,3.0,0,9.25
1459,2014-06-29,58,0,0,2,0,6,26,180,4.0,0,22.5
1460,2014-06-30,52,0,0,1,1,6,27,181,5.0,0,0.0
1461,2014-07-01,48,0,0,1,1,7,27,182,0.0,0,0.875
1462,2014-07-02,39,0,0,1,0,7,27,183,1.0,0,0.0
1463,2014-07-03,26,0,0,0,0,7,27,184,2.0,0,1.875
1464,2014-07-04,38,0,0,0,0,7,27,185,3.0,0,7.75
1465,2014-07-05,38,0,0,2,1,7,27,186,4.0,0,2.75
1466,2014-07-06,46,0,0,1,1,7,27,187,5.0,0,0.0
1467,2014-07-07,34,0,0,0,0,7,28,188,0.0,0,5.875
1468,2014-07-08,34,0,0,0,0,7,28,189,1.0,0,0.0
1469,2014-07-09,27,0,0,0,0,7,28,190,2.0,0,7.125
1470,2014-07-10,30,1,0,0,0,7,28,191,3.0,0,3.375
1471,2014-07-11,31,0,0,0,0,7,28,192,4.0,0,10.25
1472,2014-07-12,46,0,0,2,0,7,28,193,5.0,0,0.0
1473,2014-07-13,47,0,0,1,1,7,28,194,0.0,0,0.0
1474,2014-07-14,34,0,0,0,0,7,29,195,1.0,0,0.0
1475,2014-07-15,33,0,0,0,0,7,29,196,2.0,0,0.75
1476,2014-07-16,34,0,0,0,0,7,29,197,3.0,0,0.0
1477,2014-07-17,32,0,0,0,0,7,29,198,4.0,0,3.125
1478,2014-07-18,31,0,0,1,0,7,29,199,5.0,0,2.125
1479,2014-07-19,41,1,0,2,1,7,29,200,0.0,0,15.5
1480,2014-07-20,46,0,0,2,1,7,29,201,1.0,0,20.75
1481,2014-07-21,49,0,0,0,0,7,30,202,2.0,0,0.625
1482,2014-07-22,39,0,0,0,0,7,30,203,3.0,0,0.0
1483,2014-07-23,40,1,0,0,0,7,30,204,4.0,0,0.0
1484,2014-07-24,44,0,0,0,0,7,30,205,5.0,0,9.5
1485,2014-07-25,34,0,0,1,1,7,30,206,0.0,0,0.0
1486,2014-07-26,44,0,0,3,2,7,30,207,1.0,0,0.0
1487,2014-07-27,45,0,0,2,2,7,30,208,3.0,0,4.375
1488,2014-07-28,45,0,0,1,1,7,31,209,4.0,0,0.0
1489,2014-07-29,48,0,0,1,1,7,31,210,5.0,0,0.0
1490,2014-07-30,43,0,0,1,1,7,31,211,0.0,0,0.0
1491,2014-07-31,42,0,0,2,1,7,31,212,1.0,0,0.0
1492,2014-08-01,42,0,0,1,1,8,31,213,2.0,0,0.125
1493,2014-08-02,39,0,0,2,1,8,31,214,3.0,0,0.0
1494,2014-08-03,43,0,0,1,1,8,31,215,4.0,0,0.0
1495,2014-08-04,37,0,0,0,0,8,32,216,5.0,0,0.0
1496,2014-08-05,35,0,0,0,0,8,32,217,0.0,0,0.0
1497,2014-08-06,26,0,0,0,0,8,32,218,1.0,0,0.0
1498,2014-08-07,31,0,0,0,0,8,32,219,2.0,0,0.0
1499,2014-08-08,29,0,0,0,0,8,32,220,3.0,0,0.0
1500,2014-08-09,44,0,0,1,1,8,32,221,4.0,0,2.125
1501,2014-08-10,40,0,0,1,0,8,32,222,5.0,0,42.75
1502,2014-08-11,37,0,0,0,0,8,33,223,0.0,0,0.0
1503,2014-08-12,0,0,1,-1,-1,8,33,224,1.0,0,3.5
1504,2014-08-13,42,0,0,0,0,8,33,225,2.0,0,0.0
1505,2014-08-14,36,0,0,0,0,8,33,226,3.0,0,8.625
1506,2014-08-15,33,0,0,0,0,8,33,227,4.0,0,0.0
1507,2014-08-16,37,0,0,0,0,8,33,228,5.0,0,4.125
1508,2014-08-17,36,0,0,0,0,8,33,229,0.0,0,0.125
1509,2014-08-18,31,0,0,0,0,8,34,230,1.0,0,0.0
1510,2014-08-19,33,0,0,0,0,8,34,231,2.0,0,0.0
1511,2014-08-20,29,0,0,0,0,8,34,232,3.0,0,0.0
1512,2014-08-21,27,0,0,0,0,8,34,233,4.0,0,0.0
1513,2014-08-22,28,0,0,0,0,8,34,234,5.0,0,0.0
1514,2014-08-23,43,0,0,1,1,8,34,235,0.0,0,0.5
1515,2014-08-24,48,0,0,1,1,8,34,236,1.0,0,0.375
1516,2014-08-25,38,0,0,0,0,8,35,237,4.0,0,1.375
1517,2014-08-26,48,0,0,0,0,8,35,238,5.0,0,1.875
1518,2014-08-27,41,0,0,0,0,8,35,239,0.0,0,3.5
1519,2014-08-28,47,0,0,1,1,8,35,240,1.0,0,8.25
1520,2014-08-29,53,0,0,1,1,8,35,241,2.0,0,2.25
1521,2014-08-30,49,0,0,2,1,8,35,242,3.0,0,23.75
1522,2014-08-31,57,0,0,1,1,8,35,243,4.0,0,0.0
1523,2014-09-01,45,0,0,1,1,9,36,244,5.0,0,34.875
1524,2014-09-02,24,0,0,0,0,9,36,245,0.0,0,0.125
1525,2014-09-03,29,0,0,0,0,9,36,246,1.0,0,0.0
1526,2014-09-04,27,0,0,0,0,9,36,247,2.0,0,0.0
1527,2014-09-05,30,0,0,1,0,9,36,248,3.0,0,0.0
1528,2014-09-06,37,0,0,1,1,9,36,249,4.0,0,5.125
1529,2014-09-07,36,0,0,1,1,9,36,250,5.0,0,11.125
1530,2014-09-08,24,0,0,0,0,9,37,251,0.0,0,3.375
1531,2014-09-09,26,0,0,0,0,9,37,252,1.0,0,1.875
1532,2014-09-10,36,0,0,0,0,9,37,253,2.0,0,21.0
1533,2014-09-11,38,0,0,0,0,9,37,254,3.0,0,19.375
1534,2014-09-12,34,0,0,0,0,9,37,255,4.0,0,0.125
1535,2014-09-13,39,0,0,2,1,9,37,256,5.0,0,0.0
1536,2014-09-14,42,0,0,2,2,9,37,257,0.0,0,0.125
1537,2014-09-15,35,0,0,1,0,9,38,258,1.0,0,0.0
1538,2014-09-16,38,0,0,0,0,9,38,259,2.0,0,0.0
1539,2014-09-17,29,0,0,0,0,9,38,260,3.0,0,0.0
1540,2014-09-18,34,0,0,0,0,9,38,261,4.0,0,0.0
1541,2014-09-19,33,1,0,0,0,9,38,262,5.0,0,0.0
1542,2014-09-20,50,0,0,2,1,9,38,263,0.0,0,0.0
1543,2014-09-21,51,0,0,2,2,9,38,264,1.0,0,0.0
1544,2014-09-22,47,0,0,1,1,9,39,265,2.0,0,1.25
1545,2014-09-23,49,0,0,1,0,9,39,266,3.0,1,0.0
1546,2014-09-24,51,0,0,0,0,9,39,267,5.0,1,4.625
1547,2014-09-25,48,0,0,0,0,9,39,268,0.0,1,7.5
1548,2014-09-26,44,0,0,1,1,9,39,269,1.0,1,0.5
1549,2014-09-27,54,0,0,3,2,9,39,270,2.0,1,0.0
1550,2014-09-28,57,0,0,2,2,9,39,271,3.0,1,0.0
1551,2014-09-29,48,0,0,1,1,9,40,272,4.0,1,0.0
1552,2014-09-30,56,1,0,1,1,9,40,273,5.0,1,0.0
1553,2014-10-01,41,0,0,1,0,10,40,274,0.0,1,3.25
1554,2014-10-02,36,0,0,1,0,10,40,275,1.0,1,0.375
1555,2014-10-03,40,0,0,0,0,10,40,276,2.0,0,0.0
1556,2014-10-04,57,0,0,2,1,10,40,277,3.0,0,0.0
1557,2014-10-05,43,0,0,1,0,10,40,278,4.0,0,130.625
1558,2014-10-06,29,0,0,0,0,10,41,279,5.0,0,138.0
1559,2014-10-07,29,0,0,0,0,10,41,280,0.0,0,0.125
1560,2014-10-08,37,0,0,0,0,10,41,281,1.0,0,0.0
1561,2014-10-09,28,0,0,0,0,10,41,282,2.0,0,0.625
1562,2014-10-10,39,0,0,0,0,10,41,283,3.0,0,0.0
1563,2014-10-11,47,0,0,2,1,10,41,284,4.0,0,0.0
1564,2014-10-12,44,1,0,2,2,10,41,285,5.0,0,0.0
1565,2014-10-13,28,1,0,0,0,10,42,286,0.0,0,43.375
1566,2014-10-14,37,0,0,0,0,10,42,287,1.0,0,10.5
1567,2014-10-15,38,0,0,0,0,10,42,288,2.0,0,7.625
1568,2014-10-16,36,0,0,0,0,10,42,289,3.0,0,0.0
1569,2014-10-17,35,0,0,0,0,10,42,290,4.0,0,0.0
1570,2014-10-18,49,0,0,1,1,10,42,291,5.0,0,0.0
1571,2014-10-19,41,0,0,1,0,10,42,292,0.0,0,0.0
1572,2014-10-20,41,0,0,1,0,10,43,293,1.0,0,0.375
1573,2014-10-21,25,0,0,0,0,10,43,294,2.0,0,2.625
1574,2014-10-22,33,0,0,0,0,10,43,295,3.0,0,27.375
1575,2014-10-23,38,0,0,0,0,10,43,296,4.0,0,7.375
1576,2014-10-24,38,0,0,1,0,10,43,297,5.0,0,0.125
1577,2014-10-25,41,0,0,2,1,10,43,298,0.0,0,0.0
1578,2014-10-26,53,0,0,2,1,10,43,299,1.0,0,3.5
1579,2014-10-27,43,0,0,1,1,10,44,300,2.0,0,0.0
1580,2014-10-28,35,0,0,1,1,10,44,301,3.0,0,0.0
1581,2014-10-29,42,0,0,1,1,10,44,302,4.0,0,0.0
1582,2014-10-30,47,0,0,1,1,10,44,303,5.0,0,0.0
1583,2014-10-31,53,0,0,2,1,10,44,304,0.0,0,0.125
1584,2014-11-01,58,0,0,2,1,11,44,305,1.0,0,11.125
1585,2014-11-02,50,0,0,1,1,11,44,306,2.0,0,0.25
1586,2014-11-03,41,0,0,0,0,11,45,307,3.0,0,0.0
1587,2014-11-04,36,0,0,0,0,11,45,308,4.0,0,0.0
1588,2014-11-05,26,0,0,0,0,11,45,309,5.0,0,0.0
1589,2014-11-06,24,0,0,0,0,11,45,310,0.0,0,2.0
1590,2014-11-07,33,0,0,0,0,11,45,311,1.0,0,0.0
1591,2014-11-08,31,0,0,1,1,11,45,312,2.0,0,0.0
1592,2014-11-09,25,0,0,0,0,11,45,313,3.0,0,0.75
1593,2014-11-10,27,0,0,0,0,11,46,314,4.0,0,0.375
1594,2014-11-11,22,0,0,0,0,11,46,315,5.0,0,0.125
1595,2014-11-12,17,0,0,0,0,11,46,316,0.0,0,1.875
1596,2014-11-13,20,0,0,0,0,11,46,317,1.0,0,0.0
1597,2014-11-14,31,0,0,0,0,11,46,318,2.0,0,0.0
1598,2014-11-15,45,0,0,1,1,11,46,319,3.0,0,0.0
1599,2014-11-16,33,0,0,0,0,11,46,320,4.0,0,0.0
1600,2014-11-17,35,0,0,0,0,11,47,321,5.0,0,0.0
1601,2014-11-18,34,0,0,0,0,11,47,322,0.0,0,0.0
1602,2014-11-19,40,0,0,0,0,11,47,323,1.0,0,0.0
1603,2014-11-20,43,0,0,0,0,11,47,324,2.0,0,13.5
1604,2014-11-21,45,0,0,0,0,11,47,325,3.0,0,0.125
1605,2014-11-22,46,0,0,2,1,11,47,326,0.0,0,0.0
1606,2014-11-23,39,0,0,2,2,11,47,327,1.0,0,0.0
1607,2014-11-24,38,0,0,1,0,11,48,328,2.0,0,0.0
1608,2014-11-25,44,0,0,0,0,11,48,329,3.0,0,10.125
1609,2014-11-26,44,0,0,0,0,11,48,330,4.0,0,33.125
1610,2014-11-27,47,0,0,1,0,11,48,331,5.0,0,1.875
1611,2014-11-28,53,1,0,1,1,11,48,332,0.0,0,0.0
1612,2014-11-29,50,1,0,2,2,11,48,333,1.0,0,8.875
1613,2014-11-30,59,1,0,2,1,11,48,334,2.0,0,0.875
1614,2014-12-01,34,1,0,1,1,12,49,335,3.0,0,14.375
1615,2014-12-02,36,1,0,2,0,12,49,336,4.0,0,0.0
1616,2014-12-03,36,1,0,0,0,12,49,337,5.0,0,0.0
1617,2014-12-04,32,1,0,0,0,12,49,338,0.0,0,3.875
1618,2014-12-05,31,1,0,1,1,12,49,339,1.0,0,0.25
1619,2014-12-06,39,1,0,2,1,12,49,340,2.0,0,0.0
1620,2014-12-07,39,1,0,1,0,12,49,341,3.0,0,0.0
1621,2014-12-08,34,1,0,0,0,12,50,342,4.0,0,0.0
1622,2014-12-09,22,1,0,0,0,12,50,343,5.0,0,0.0
1623,2014-12-10,29,1,0,0,0,12,50,344,0.0,0,0.0
1624,2014-12-11,25,1,0,0,0,12,50,345,1.0,0,4.875
1625,2014-12-12,35,1,0,1,0,12,50,346,2.0,0,0.0
1626,2014-12-13,39,1,0,1,1,12,50,347,3.0,0,0.0
1627,2014-12-14,35,1,0,1,0,12,50,348,4.0,0,0.0
1628,2014-12-15,28,1,0,0,0,12,51,349,5.0,0,0.0
1629,2014-12-16,40,1,0,0,0,12,51,350,0.0,0,16.125
1630,2014-12-17,41,1,0,0,0,12,51,351,1.0,0,0.0
1631,2014-12-18,35,1,0,0,0,12,51,352,2.0,0,0.0
1632,2014-12-19,37,0,0,1,0,12,51,353,3.0,0,0.0
1633,2014-12-20,39,1,0,2,1,12,51,354,4.0,0,21.75
1634,2014-12-21,49,1,0,2,2,12,51,355,5.0,0,0.0
1635,2014-12-22,43,1,0,1,1,12,52,356,1.0,0,0.0
1636,2014-12-23,46,0,0,1,0,12,52,357,2.0,0,0.0
1637,2014-12-24,45,1,0,0,0,12,52,358,3.0,0,0.0
1638,2014-12-25,52,1,0,0,0,12,52,359,4.0,0,0.0
1639,2014-12-26,41,1,0,1,0,12,52,360,5.0,1,0.0
1640,2014-12-27,37,1,0,3,2,12,52,361,0.0,1,0.0
1641,2014-12-28,38,1,0,2,2,12,52,362,1.0,1,0.0
1642,2014-12-29,42,0,0,1,1,12,1,363,2.0,1,6.875
1643,2014-12-30,17,0,0,1,2,12,1,364,3.0,1,0.0
1644,2014-12-31,0,0,1,-1,-1,12,1,365,4.0,1,0.0
1645,2015-01-01,0,0,1,-1,-1,1,1,1,5.0,0,0.0
1646,2015-01-02,0,0,1,-1,-1,1,1,2,0.0,0,0.0
1647,2015-01-03,0,0,1,-1,-1,1,1,3,1.0,0,0.0
1648,2015-01-04,36,0,0,0,0,1,1,4,2.0,0,0.0
1649,2015-01-05,20,0,0,0,0,1,2,5,3.0,0,0.0
1650,2015-01-06,20,0,0,0,0,1,2,6,4.0,0,7.75
1651,2015-01-07,19,0,0,0,0,1,2,7,5.0,0,0.0
1652,2015-01-08,24,1,0,0,0,1,2,8,0.0,0,0.0
1653,2015-01-09,30,0,0,0,0,1,2,9,1.0,0,0.0
1654,2015-01-10,46,1,0,0,0,1,2,10,2.0,0,0.0
1655,2015-01-11,39,1,0,0,0,1,2,11,3.0,0,0.0
1656,2015-01-12,30,0,0,0,0,1,3,12,4.0,0,0.0
1657,2015-01-13,29,0,0,0,0,1,3,13,5.0,0,0.0
1658,2015-01-14,29,1,0,0,0,1,3,14,0.0,0,0.0
1659,2015-01-15,30,1,0,0,0,1,3,15,1.0,0,31.25
1660,2015-01-16,33,0,0,0,0,1,3,16,2.0,0,0.0
1661,2015-01-17,41,0,0,1,0,1,3,17,3.0,0,0.0
1662,2015-01-18,35,0,0,0,0,1,3,18,4.0,0,0.0
1663,2015-01-19,32,0,0,0,0,1,4,19,5.0,0,0.0
1664,2015-01-20,29,0,0,0,0,1,4,20,2.0,0,0.0
1665,2015-01-21,25,0,0,0,0,1,4,21,3.0,0,2.875
1666,2015-01-22,30,1,0,0,0,1,4,22,4.0,0,8.0
1667,2015-01-23,31,0,0,1,0,1,4,23,5.0,0,6.625
1668,2015-01-24,56,0,0,1,1,1,4,24,0.0,0,0.0
1669,2015-01-25,48,0,0,1,1,1,4,25,1.0,0,0.0
1670,2015-01-26,36,0,0,0,0,1,5,26,2.0,0,0.25
1671,2015-01-27,37,0,0,0,0,1,5,27,3.0,0,13.5
1672,2015-01-28,44,0,0,0,0,1,5,28,4.0,0,0.0
1673,2015-01-29,37,0,0,1,0,1,5,29,5.0,0,0.0
1674,2015-01-30,50,0,0,1,1,1,5,30,0.0,0,15.0
1675,2015-01-31,63,1,0,2,1,1,5,31,1.0,0,0.0
1676,2015-02-01,49,0,0,2,1,2,5,32,2.0,0,0.0
1677,2015-02-02,39,0,0,1,0,2,6,33,3.0,0,0.0
1678,2015-02-03,33,0,0,0,0,2,6,34,4.0,0,0.0
1679,2015-02-04,33,0,0,0,0,2,6,35,5.0,0,0.0
1680,2015-02-05,22,0,0,0,0,2,6,36,0.0,0,7.125
1681,2015-02-06,31,1,0,1,0,2,6,37,1.0,0,0.0
1682,2015-02-07,40,0,0,2,1,2,6,38,2.0,0,1.125
1683,2015-02-08,44,0,0,1,1,2,6,39,3.0,0,7.0
1684,2015-02-09,39,0,0,0,0,2,7,40,4.0,0,0.0
1685,2015-02-10,43,0,0,0,0,2,7,41,5.0,0,0.0
1686,2015-02-11,36,0,0,0,0,2,7,42,0.0,0,0.0
1687,2015-02-12,35,0,0,0,0,2,7,43,1.0,0,0.0
1688,2015-02-13,31,0,0,0,0,2,7,44,2.0,0,0.0
1689,2015-02-14,53,0,0,1,1,2,7,45,3.0,0,0.0
1690,2015-02-15,47,0,0,1,0,2,7,46,4.0,0,0.0
1691,2015-02-16,45,0,0,0,0,2,8,47,5.0,0,0.0
1692,2015-02-17,35,0,0,0,0,2,8,48,0.0,0,2.25
1693,2015-02-18,50,1,0,0,0,2,8,49,1.0,0,10.375
1694,2015-02-19,35,0,0,0,0,2,8,50,3.0,0,0.0
1695,2015-02-20,45,0,0,1,0,2,8,51,4.0,0,0.0
1696,2015-02-21,64,0,0,2,2,2,8,52,5.0,0,0.0
1697,2015-02-22,53,0,0,2,1,2,8,53,0.0,0,2.625
1698,2015-02-23,60,1,0,1,1,2,9,54,1.0,0,11.0
1699,2015-02-24,48,0,0,0,0,2,9,55,2.0,0,0.0
1700,2015-02-25,53,0,0,1,0,2,9,56,3.0,0,0.0
1701,2015-02-26,57,0,0,1,1,2,9,57,4.0,0,14.125
1702,2015-02-27,72,1,0,1,1,2,9,58,5.0,0,0.0
1703,2015-02-28,86,0,0,3,2,2,9,59,0.0,0,0.0
1704,2015-03-01,61,0,0,2,1,3,9,60,1.0,0,30.75
1705,2015-03-02,42,0,0,1,1,3,10,61,2.0,0,0.0
1706,2015-03-03,51,0,0,1,0,3,10,62,3.0,0,0.375
1707,2015-03-04,46,0,0,1,0,3,10,63,4.0,0,16.0
1708,2015-03-05,47,0,0,1,0,3,10,64,5.0,0,0.0
1709,2015-03-06,53,0,0,1,1,3,10,65,0.0,0,0.75
1710,2015-03-07,41,1,0,2,1,3,10,66,1.0,0,3.25
1711,2015-03-08,48,0,0,1,1,3,10,67,2.0,0,1.375
1712,2015-03-09,46,0,0,0,0,3,11,68,3.0,0,18.625
1713,2015-03-10,49,0,0,0,0,3,11,69,4.0,0,3.125
1714,2015-03-11,54,0,0,0,0,3,11,70,5.0,0,0.0
1715,2015-03-12,56,0,0,1,1,3,11,71,0.0,0,0.0
1716,2015-03-13,53,0,0,1,1,3,11,72,1.0,0,0.0
1717,2015-03-14,72,1,0,2,2,3,11,73,2.0,0,0.0
1718,2015-03-15,68,1,0,2,2,3,11,74,3.0,0,0.0
1719,2015-03-16,91,0,0,2,2,3,12,75,4.0,1,9.25
1720,2015-03-17,93,0,0,1,1,3,12,76,5.0,1,0.75
1721,2015-03-18,84,0,0,1,1,3,12,77,0.0,1,0.0
1722,2015-03-19,97,0,0,1,1,3,12,78,1.0,1,6.375
1723,2015-03-20,88,0,0,1,1,3,12,79,4.0,1,0.0
1724,2015-03-21,83,1,0,3,3,3,12,80,5.0,1,0.25
1725,2015-03-22,84,0,0,3,2,3,12,81,0.0,1,0.0
1726,2015-03-23,88,0,0,4,2,3,13,82,1.0,1,0.75
1727,2015-03-24,109,0,0,5,2,3,13,83,2.0,1,0.0
1728,2015-03-25,78,0,0,5,4,3,13,84,3.0,1,0.0
1729,2015-03-26,85,0,0,4,4,3,13,85,4.0,1,0.0
1730,2015-03-27,95,0,0,4,4,3,13,86,5.0,1,0.0
1731,2015-03-28,88,1,0,5,5,3,13,87,0.0,1,0.0
1732,2015-03-29,96,0,0,5,4,3,13,88,1.0,1,0.625
1733,2015-03-30,87,1,0,4,3,3,14,89,2.0,1,0.0
1734,2015-03-31,75,1,0,4,3,3,14,90,3.0,1,0.0
1735,2015-04-01,61,1,0,3,3,4,14,91,4.0,1,2.125
1736,2015-04-02,60,1,0,2,2,4,14,92,5.0,0,0.0
1737,2015-04-03,75,1,0,2,1,4,14,93,0.0,0,0.0
1738,2015-04-04,86,1,0,4,3,4,14,94,1.0,0,0.25
1739,2015-04-05,69,1,0,2,2,4,14,95,2.0,0,5.625
1740,2015-04-06,61,1,0,1,1,4,15,96,3.0,0,0.0
1741,2015-04-07,54,1,0,1,1,4,15,97,4.0,0,4.0
1742,2015-04-08,55,0,0,0,0,4,15,98,5.0,0,17.375
1743,2015-04-09,57,1,0,0,0,4,15,99,0.0,0,0.125
1744,2015-04-10,68,1,0,1,1,4,15,100,1.0,0,9.375
1745,2015-04-11,69,1,0,3,3,4,15,101,2.0,0,5.875
1746,2015-04-12,59,1,0,2,1,4,15,102,3.0,0,0.0
1747,2015-04-13,49,1,0,0,0,4,16,103,4.0,0,32.375
1748,2015-04-14,34,0,0,0,0,4,16,104,5.0,0,19.125
1749,2015-04-15,47,1,0,0,0,4,16,105,0.0,0,1.75
1750,2015-04-16,32,1,0,0,0,4,16,106,1.0,0,0.0
1751,2015-04-17,41,1,0,1,1,4,16,107,2.0,0,0.875
1752,2015-04-18,52,1,0,2,2,4,16,108,3.0,0,0.0
1753,2015-04-19,50,1,0,2,0,4,16,109,5.0,0,0.0
1754,2015-04-20,34,0,0,0,0,4,17,110,0.0,0,8.875
1755,2015-04-21,39,0,0,0,0,4,17,111,1.0,0,0.375
1756,2015-04-22,55,0,0,0,0,4,17,112,2.0,0,1.5
1757,2015-04-23,39,0,0,0,0,4,17,113,3.0,0,0.0
1758,2015-04-24,45,1,0,2,1,4,17,114,4.0,0,0.0
1759,2015-04-25,56,1,0,4,3,4,17,115,5.0,0,0.0
1760,2015-04-26,54,0,0,3,2,4,17,116,0.0,0,0.0
1761,2015-04-27,58,0,0,1,1,4,18,117,1.0,0,0.0
1762,2015-04-28,57,0,0,1,0,4,18,118,2.0,0,0.0
1763,2015-04-29,65,0,0,2,1,4,18,119,3.0,0,0.0
1764,2015-04-30,61,1,0,2,1,4,18,120,4.0,0,0.0
1765,2015-05-01,56,0,0,1,0,5,18,121,5.0,0,0.0
1766,2015-05-02,44,0,0,2,1,5,18,122,0.0,0,0.0
1767,2015-05-03,60,1,0,1,1,5,18,123,1.0,0,0.0
1768,2015-05-04,57,0,0,1,0,5,19,124,2.0,0,0.0
1769,2015-05-05,49,0,0,0,0,5,19,125,3.0,0,0.0
1770,2015-05-06,41,0,0,0,0,5,19,126,4.0,0,0.0
1771,2015-05-07,41,0,0,0,0,5,19,127,5.0,0,0.0
1772,2015-05-08,28,0,0,0,0,5,19,128,0.0,0,0.0
1773,2015-05-09,35,0,0,1,1,5,19,129,1.0,0,0.125
1774,2015-05-10,34,0,0,1,0,5,19,130,2.0,0,0.75
1775,2015-05-11,27,0,0,0,0,5,20,131,3.0,0,0.0
1776,2015-05-12,34,0,0,0,0,5,20,132,4.0,0,35.875
1777,2015-05-13,24,0,0,0,0,5,20,133,5.0,0,0.0
1778,2015-05-14,28,0,0,0,0,5,20,134,0.0,0,0.0
1779,2015-05-15,41,0,0,0,0,5,20,135,1.0,0,0.0
1780,2015-05-16,42,0,0,1,0,5,20,136,2.0,0,4.375
1781,2015-05-17,37,0,0,1,0,5,20,137,3.0,0,0.0
1782,2015-05-18,38,0,0,0,0,5,21,138,0.0,0,1.25
1783,2015-05-19,30,0,0,0,0,5,21,139,1.0,0,4.5
1784,2015-05-20,33,0,0,0,0,5,21,140,2.0,0,0.125
1785,2015-05-21,31,0,0,0,0,5,21,141,3.0,0,8.75
1786,2015-05-22,46,0,0,1,0,5,21,142,4.0,0,0.0
1787,2015-05-23,46,0,0,1,1,5,21,143,5.0,0,0.0
1788,2015-05-24,37,0,0,1,1,5,21,144,0.0,0,0.0
1789,2015-05-25,49,0,0,1,1,5,22,145,1.0,0,0.0
1790,2015-05-26,44,0,0,0,0,5,22,146,2.0,0,0.0
1791,2015-05-27,39,0,0,0,0,5,22,147,3.0,0,0.0
1792,2015-05-28,52,0,0,1,0,5,22,148,4.0,0,0.0
1793,2015-05-29,58,0,0,1,1,5,22,149,5.0,0,9.5
1794,2015-05-30,56,0,0,2,2,5,22,150,0.0,0,0.0
1795,2015-05-31,57,0,0,2,1,5,22,151,1.0,0,0.0
1796,2015-06-01,33,0,0,1,1,6,23,152,2.0,0,0.0
1797,2015-06-02,31,0,0,0,0,6,23,153,3.0,0,0.0
1798,2015-06-03,24,0,0,0,0,6,23,154,4.0,0,15.75
1799,2015-06-04,32,0,0,0,0,6,23,155,5.0,0,0.0
1800,2015-06-05,25,0,0,1,0,6,23,156,0.0,0,24.375
1801,2015-06-06,46,0,0,2,1,6,23,157,1.0,0,20.25
1802,2015-06-07,39,0,0,1,0,6,23,158,2.0,0,0.0
1803,2015-06-08,30,0,0,0,0,6,24,159,3.0,0,0.25
1804,2015-06-09,24,0,0,0,0,6,24,160,4.0,0,27.625
1805,2015-06-10,15,0,0,0,0,6,24,161,5.0,0,0.0
1806,2015-06-11,32,0,0,0,0,6,24,162,0.0,0,0.0
1807,2015-06-12,28,0,0,0,0,6,24,163,1.0,0,6.25
1808,2015-06-13,45,0,0,1,1,6,24,164,2.0,0,0.25
1809,2015-06-14,51,1,0,1,0,6,24,165,3.0,0,0.625
1810,2015-06-15,30,0,0,0,0,6,25,166,4.0,0,0.0
1811,2015-06-16,27,0,0,0,0,6,25,167,1.0,0,7.75
1812,2015-06-17,27,0,0,0,0,6,25,168,2.0,0,12.5
1813,2015-06-18,21,0,0,0,0,6,25,169,3.0,0,6.25
1814,2015-06-19,37,0,0,0,0,6,25,170,4.0,0,9.125
1815,2015-06-20,60,0,0,1,1,6,25,171,5.0,0,0.0
1816,2015-06-21,49,0,0,1,1,6,25,172,0.0,0,1.25
1817,2015-06-22,48,0,0,1,0,6,26,173,1.0,0,0.0
1818,2015-06-23,47,0,0,0,0,6,26,174,2.0,0,17.25
1819,2015-06-24,43,0,0,0,0,6,26,175,3.0,0,0.0
1820,2015-06-25,53,0,0,1,0,6,26,176,4.0,0,0.0
1821,2015-06-26,52,0,0,1,1,6,26,177,5.0,0,10.125
1822,2015-06-27,68,0,0,2,2,6,26,178,0.0,0,2.625
1823,2015-06-28,66,0,0,2,1,6,26,179,1.0,0,0.5
1824,2015-06-29,60,0,0,1,1,6,27,180,2.0,0,0.0
1825,2015-06-30,64,0,0,1,1,6,27,181,3.0,0,0.5
1826,2015-07-01,38,0,0,1,1,7,27,182,4.0,0,11.5
1827,2015-07-02,31,0,0,0,0,7,27,183,5.0,0,3.125
1828,2015-07-03,34,0,0,1,0,7,27,184,0.0,0,79.375
1829,2015-07-04,53,0,0,2,1,7,27,185,1.0,0,6.875
1830,2015-07-05,45,0,0,1,0,7,27,186,2.0,0,18.875
1831,2015-07-06,37,0,0,0,0,7,28,187,3.0,0,19.375
1832,2015-07-07,24,0,0,0,0,7,28,188,4.0,0,0.625
1833,2015-07-08,36,0,0,0,0,7,28,189,5.0,0,18.75
1834,2015-07-09,30,0,0,0,0,7,28,190,0.0,0,12.0
1835,2015-07-10,36,0,0,1,0,7,28,191,1.0,0,0.25
1836,2015-07-11,49,0,0,1,1,7,28,192,2.0,0,0.0
1837,2015-07-12,44,0,0,1,0,7,28,193,3.0,0,0.0
1838,2015-07-13,35,0,0,0,0,7,29,194,4.0,0,0.0
1839,2015-07-14,38,0,0,0,0,7,29,195,5.0,0,0.0
1840,2015-07-15,33,0,0,0,0,7,29,196,0.0,0,0.125
1841,2015-07-16,27,0,0,0,0,7,29,197,2.0,0,63.625
1842,2015-07-17,46,0,0,1,0,7,29,198,3.0,0,10.25
1843,2015-07-18,58,1,0,2,1,7,29,199,4.0,0,0.25
1844,2015-07-19,58,0,0,2,1,7,29,200,5.0,0,0.0
1845,2015-07-20,41,0,0,0,0,7,30,201,0.0,0,0.0
1846,2015-07-21,35,0,0,1,0,7,30,202,1.0,0,0.0
1847,2015-07-22,34,0,0,0,0,7,30,203,2.0,0,0.0
1848,2015-07-23,36,0,0,0,0,7,30,204,3.0,0,3.375
1849,2015-07-24,33,0,0,1,1,7,30,205,4.0,0,1.875
1850,2015-07-25,51,0,0,3,2,7,30,206,5.0,0,0.0
1851,2015-07-26,41,0,0,2,2,7,30,207,0.0,0,0.0
1852,2015-07-27,34,1,0,1,1,7,31,208,1.0,0,0.0
1853,2015-07-28,39,1,0,1,0,7,31,209,2.0,0,0.0
1854,2015-07-29,42,0,0,1,0,7,31,210,3.0,0,0.0
1855,2015-07-30,50,1,0,1,1,7,31,211,4.0,0,0.0
1856,2015-07-31,58,0,0,2,1,7,31,212,5.0,0,0.0
1857,2015-08-01,59,0,0,2,1,8,31,213,0.0,0,0.0
1858,2015-08-02,49,0,0,1,1,8,31,214,1.0,0,0.0
1859,2015-08-03,54,0,0,0,0,8,32,215,2.0,0,0.0
1860,2015-08-04,44,0,0,0,0,8,32,216,3.0,0,0.0
1861,2015-08-05,34,0,0,0,0,8,32,217,4.0,0,0.0
1862,2015-08-06,21,0,0,0,0,8,32,218,5.0,0,0.0
1863,2015-08-07,30,0,0,0,0,8,32,219,0.0,0,0.0
1864,2015-08-08,39,0,0,1,1,8,32,220,1.0,0,0.0
1865,2015-08-09,31,0,0,0,0,8,32,221,2.0,0,0.0
1866,2015-08-10,41,0,0,0,0,8,33,222,3.0,0,8.375
1867,2015-08-11,41,0,0,0,0,8,33,223,4.0,0,0.0
1868,2015-08-12,0,0,1,-1,-1,8,33,224,5.0,0,0.0
1869,2015-08-13,41,0,0,0,0,8,33,225,0.0,0,1.75
1870,2015-08-14,44,0,0,0,0,8,33,226,3.0,0,11.875
1871,2015-08-15,30,0,0,0,0,8,33,227,4.0,0,0.125
1872,2015-08-16,22,0,0,0,0,8,33,228,5.0,0,9.25
1873,2015-08-17,39,0,0,0,0,8,34,229,0.0,0,42.75
1874,2015-08-18,29,0,0,0,0,8,34,230,1.0,0,0.0
1875,2015-08-19,27,0,0,0,0,8,34,231,2.0,0,0.0
1876,2015-08-20,43,0,0,0,0,8,34,232,3.0,0,4.75
1877,2015-08-21,41,0,0,0,0,8,34,233,4.0,0,0.625
1878,2015-08-22,39,0,0,1,1,8,34,234,5.0,0,0.0
1879,2015-08-23,30,0,0,1,0,8,34,235,0.0,0,0.0
1880,2015-08-24,49,0,0,1,0,8,35,236,1.0,0,0.0
1881,2015-08-25,39,0,0,0,0,8,35,237,2.0,0,0.875
1882,2015-08-26,44,0,0,0,0,8,35,238,3.0,0,33.5
1883,2015-08-27,57,0,0,0,0,8,35,239,4.0,0,0.0
1884,2015-08-28,60,0,0,1,0,8,35,240,5.0,0,1.125
1885,2015-08-29,70,1,0,2,1,8,35,241,0.0,0,2.5
1886,2015-08-30,66,0,0,2,1,8,35,242,1.0,0,3.5
1887,2015-08-31,67,1,0,1,1,8,36,243,2.0,0,2.0
1888,2015-09-01,34,1,0,1,1,9,36,244,3.0,0,7.75
1889,2015-09-02,29,0,0,0,0,9,36,245,4.0,0,7.0
1890,2015-09-03,41,0,0,0,0,9,36,246,5.0,0,0.875
1891,2015-09-04,31,0,0,1,0,9,36,247,0.0,0,9.625
1892,2015-09-05,37,0,0,2,1,9,36,248,1.0,0,0.0
1893,2015-09-06,46,0,0,1,0,9,36,249,2.0,0,28.125
1894,2015-09-07,31,0,0,0,0,9,37,250,3.0,0,20.75
1895,2015-09-08,16,0,0,0,0,9,37,251,4.0,0,60.25
1896,2015-09-09,19,0,0,0,0,9,37,252,5.0,0,123.0
1897,2015-09-10,25,0,0,0,0,9,37,253,0.0,0,48.875
1898,2015-09-11,26,0,0,0,0,9,37,254,1.0,0,0.0
1899,2015-09-12,39,0,0,1,1,9,37,255,2.0,0,0.0
1900,2015-09-13,35,0,0,0,0,9,37,256,4.0,0,0.0
1901,2015-09-14,48,0,0,0,0,9,38,257,5.0,0,0.0
1902,2015-09-15,48,0,0,0,0,9,38,258,0.0,0,0.0
1903,2015-09-16,57,0,0,0,0,9,38,259,1.0,0,4.0
1904,2015-09-17,31,0,0,0,0,9,38,260,2.0,0,62.125
1905,2015-09-18,45,0,0,0,0,9,38,261,3.0,0,11.25
1906,2015-09-19,47,0,0,1,1,9,38,262,4.0,0,0.0
1907,2015-09-20,67,0,0,2,1,9,38,263,5.0,0,0.0
1908,2015-09-21,61,0,0,1,0,9,39,264,0.0,0,0.0
1909,2015-09-22,51,0,0,1,1,9,39,265,1.0,0,0.0
1910,2015-09-23,56,0,0,0,1,9,39,266,2.0,1,0.0
1911,2015-09-24,45,1,0,0,0,9,39,267,3.0,1,1.0
1912,2015-09-25,54,1,0,1,1,9,39,268,4.0,1,33.625
1913,2015-09-26,51,1,0,2,2,9,39,269,5.0,1,3.625
1914,2015-09-27,53,1,0,2,2,9,39,270,0.0,1,0.875
1915,2015-09-28,53,1,0,1,1,9,40,271,1.0,1,0.0
1916,2015-09-29,56,1,0,1,0,9,40,272,2.0,1,0.0
1917,2015-09-30,53,1,0,1,1,9,40,273,3.0,1,0.0
1918,2015-10-01,48,1,0,1,0,10,40,274,4.0,1,5.5
1919,2015-10-02,54,1,0,0,0,10,40,275,5.0,1,16.75
1920,2015-10-03,44,1,0,1,1,10,40,276,0.0,0,0.0
1921,2015-10-04,57,1,0,1,1,10,40,277,1.0,0,0.125
1922,2015-10-05,43,1,0,0,0,10,41,278,2.0,0,0.125
1923,2015-10-06,31,1,0,0,0,10,41,279,3.0,0,0.0
1924,2015-10-07,30,1,0,0,0,10,41,280,4.0,0,0.0
1925,2015-10-08,38,1,0,0,0,10,41,281,5.0,0,0.0
1926,2015-10-09,43,1,0,1,0,10,41,282,0.0,0,0.0
1927,2015-10-10,50,1,0,2,1,10,41,283,1.0,0,0.875
1928,2015-10-11,42,1,0,2,1,10,41,284,2.0,0,10.875
1929,2015-10-12,41,1,0,0,0,10,42,285,3.0,0,0.0
1930,2015-10-13,33,1,0,0,0,10,42,286,5.0,0,0.0
1931,2015-10-14,41,1,0,0,0,10,42,287,0.0,0,0.0
1932,2015-10-15,42,1,0,0,0,10,42,288,1.0,0,0.125
1933,2015-10-16,37,1,0,0,0,10,42,289,2.0,0,8.5
1934,2015-10-17,46,1,0,1,1,10,42,290,3.0,0,4.375
1935,2015-10-18,40,1,0,1,0,10,42,291,4.0,0,0.0
1936,2015-10-19,34,1,0,0,0,10,43,292,5.0,0,0.0
1937,2015-10-20,29,1,0,0,0,10,43,293,0.0,0,0.0
1938,2015-10-21,28,1,0,0,0,10,43,294,1.0,0,0.0
1939,2015-10-22,42,1,0,0,0,10,43,295,2.0,0,0.0
1940,2015-10-23,32,1,0,1,0,10,43,296,3.0,0,0.0
1941,2015-10-24,56,1,0,2,1,10,43,297,4.0,0,0.0
1942,2015-10-25,50,1,0,1,1,10,43,298,5.0,0,0.0
1943,2015-10-26,45,1,0,2,0,10,44,299,0.0,0,0.0
1944,2015-10-27,35,1,0,1,1,10,44,300,1.0,0,0.125
1945,2015-10-28,48,0,0,0,0,10,44,301,2.0,0,0.375
1946,2015-10-29,52,1,0,1,1,10,44,302,3.0,0,0.5
1947,2015-10-30,53,1,0,1,1,10,44,303,4.0,0,0.0
1948,2015-10-31,75,1,0,2,2,10,44,304,5.0,0,0.0
1949,2015-11-01,48,1,0,2,2,11,44,305,0.0,0,0.0
1950,2015-11-02,53,1,0,1,1,11,45,306,1.0,0,32.25
1951,2015-11-03,32,0,0,1,0,11,45,307,2.0,0,0.75
1952,2015-11-04,20,0,0,0,0,11,45,308,3.0,0,0.0
1953,2015-11-05,25,0,0,0,0,11,45,309,4.0,0,0.0
1954,2015-11-06,22,1,0,0,0,11,45,310,5.0,0,0.0
1955,2015-11-07,38,1,0,1,1,11,45,311,0.0,0,0.0
1956,2015-11-08,32,0,0,1,0,11,45,312,1.0,0,13.5
1957,2015-11-09,25,0,0,0,0,11,46,313,2.0,0,1.125
1958,2015-11-10,21,0,0,0,0,11,46,314,3.0,0,5.625
1959,2015-11-11,29,0,0,0,0,11,46,315,4.0,0,0.0
1960,2015-11-12,23,1,0,0,0,11,46,316,0.0,0,0.0
1961,2015-11-13,37,0,0,1,0,11,46,317,1.0,0,0.0
1962,2015-11-14,47,0,0,1,1,11,46,318,2.0,0,15.0
1963,2015-11-15,13,1,0,0,0,11,46,319,3.0,0,8.375
1964,2015-11-16,37,0,0,0,0,11,47,320,4.0,0,0.25
1965,2015-11-17,20,0,0,0,0,11,47,321,5.0,0,2.625
1966,2015-11-18,27,0,0,0,0,11,47,322,0.0,0,13.75
1967,2015-11-19,34,0,0,0,0,11,47,323,1.0,0,6.5
1968,2015-11-20,42,1,0,0,0,11,47,324,2.0,0,0.125
1969,2015-11-21,67,0,0,1,0,11,47,325,3.0,0,0.0
1970,2015-11-22,57,0,0,0,0,11,47,326,4.0,0,0.0
1971,2015-11-23,41,0,0,0,0,11,48,327,5.0,0,1.375
1972,2015-11-24,37,0,0,0,0,11,48,328,0.0,0,2.5
1973,2015-11-25,40,0,0,1,0,11,48,329,1.0,0,6.375
1974,2015-11-26,32,0,0,0,0,11,48,330,2.0,0,20.5
1975,2015-11-27,44,0,0,1,0,11,48,331,3.0,0,0.0
1976,2015-11-28,60,0,0,2,1,11,48,332,4.0,0,0.0
1977,2015-11-29,45,0,0,1,1,11,48,333,5.0,0,0.0
1978,2015-11-30,54,0,0,1,0,11,49,334,0.0,0,0.0
1979,2015-12-01,41,1,0,1,1,12,49,335,1.0,0,0.0
1980,2015-12-02,29,1,0,0,0,12,49,336,2.0,0,0.5
1981,2015-12-03,25,1,0,0,0,12,49,337,3.0,0,4.625
1982,2015-12-04,33,1,0,0,0,12,49,338,4.0,0,0.0
1983,2015-12-05,49,1,0,1,1,12,49,339,5.0,0,0.0
1984,2015-12-06,48,1,0,1,0,12,49,340,0.0,0,0.0
1985,2015-12-07,34,1,0,0,0,12,50,341,1.0,0,0.0
1986,2015-12-08,29,1,0,0,0,12,50,342,2.0,0,0.0
1987,2015-12-09,33,1,0,0,0,12,50,343,3.0,0,0.0
1988,2015-12-10,39,1,0,0,0,12,50,344,4.0,0,5.875
1989,2015-12-11,47,1,0,0,0,12,50,345,1.0,0,49.375
1990,2015-12-12,62,1,0,1,1,12,50,346,2.0,0,0.0
1991,2015-12-13,52,1,0,0,0,12,50,347,3.0,0,1.75
1992,2015-12-14,47,1,0,0,0,12,51,348,4.0,0,0.25
1993,2015-12-15,43,1,0,0,0,12,51,349,5.0,0,0.0
1994,2015-12-16,39,1,0,0,0,12,51,350,0.0,0,0.0
1995,2015-12-17,37,1,0,0,0,12,51,351,1.0,0,0.0
1996,2015-12-18,54,1,0,1,0,12,51,352,2.0,0,0.0
1997,2015-12-19,63,1,0,1,1,12,51,353,3.0,0,0.0
1998,2015-12-20,58,1,0,1,1,12,51,354,4.0,0,0.0
1999,2015-12-21,65,1,0,0,0,12,52,355,5.0,0,0.0
2000,2015-12-22,61,1,0,0,0,12,52,356,0.0,0,0.0
2001,2015-12-23,71,1,0,0,0,12,52,357,1.0,0,3.875
2002,2015-12-24,49,1,0,0,0,12,52,358,2.0,0,4.375
2003,2015-12-25,50,1,0,1,1,12,52,359,3.0,0,0.125
2004,2015-12-26,64,1,0,2,2,12,52,360,4.0,1,0.0
2005,2015-12-27,70,1,0,1,1,12,52,361,5.0,1,0.0
2006,2015-12-28,59,1,0,0,0,12,53,362,0.0,1,0.0
2007,2015-12-29,37,1,0,1,0,12,53,363,1.0,1,0.0
2008,2015-12-30,30,0,0,0,0,12,53,364,2.0,1,0.0
2009,2015-12-31,0,0,1,-1,-1,12,53,365,3.0,1,0.0
2010,2016-01-01,0,0,1,-1,-1,1,53,1,4.0,0,0.0
2011,2016-01-02,0,0,1,-1,-1,1,53,2,5.0,0,0.0
2012,2016-01-03,0,0,1,-1,-1,1,53,3,0.0,0,0.0
2013,2016-01-04,24,0,0,0,0,1,1,4,1.0,0,0.0
2014,2016-01-05,17,0,0,0,0,1,1,5,2.0,0,0.0
2015,2016-01-06,15,0,0,0,0,1,1,6,3.0,0,0.0
2016,2016-01-07,22,1,0,0,0,1,1,7,4.0,0,0.0
2017,2016-01-08,34,0,0,0,0,1,1,8,5.0,0,0.0
2018,2016-01-09,50,0,0,0,0,1,1,9,0.0,0,0.0
2019,2016-01-10,52,1,0,0,0,1,1,10,2.0,0,0.0
2020,2016-01-11,26,0,0,0,0,1,2,11,3.0,0,0.0
2021,2016-01-12,32,0,0,0,0,1,2,12,4.0,0,0.0
2022,2016-01-13,32,0,0,0,0,1,2,13,5.0,0,0.0
2023,2016-01-14,22,0,0,0,0,1,2,14,0.0,0,0.0
2024,2016-01-15,34,1,0,0,0,1,2,15,1.0,0,0.0
2025,2016-01-16,47,1,0,1,0,1,2,16,2.0,0,0.0
2026,2016-01-17,51,0,0,0,0,1,2,17,3.0,0,3.0
2027,2016-01-18,20,0,0,0,0,1,3,18,4.0,0,54.375
2028,2016-01-19,24,0,0,0,0,1,3,19,5.0,0,0.0
2029,2016-01-20,36,0,0,0,0,1,3,20,0.0,0,0.0
2030,2016-01-21,31,1,0,0,0,1,3,21,1.0,0,0.0
2031,2016-01-22,43,0,0,0,0,1,3,22,2.0,0,0.0
2032,2016-01-23,58,1,0,1,1,1,3,23,3.0,0,0.0
2033,2016-01-24,42,0,0,0,0,1,3,24,4.0,0,0.0
2034,2016-01-25,46,0,0,0,0,1,4,25,5.0,0,0.0
2035,2016-01-26,42,1,0,0,0,1,4,26,0.0,0,0.0
2036,2016-01-27,41,0,0,0,0,1,4,27,1.0,0,0.0
2037,2016-01-28,53,1,0,0,0,1,4,28,2.0,0,0.0
2038,2016-01-29,68,1,0,0,0,1,4,29,3.0,0,11.5
2039,2016-01-30,78,1,0,2,1,1,4,30,4.0,0,4.0
2040,2016-01-31,79,1,0,1,1,1,4,31,5.0,0,0.0
2041,2016-02-01,50,1,0,1,1,2,5,32,0.0,0,0.0
2042,2016-02-02,31,1,0,0,0,2,5,33,1.0,0,0.0
2043,2016-02-03,40,1,0,0,0,2,5,34,2.0,0,0.0
2044,2016-02-04,29,1,0,0,0,2,5,35,3.0,0,0.0
2045,2016-02-05,39,1,0,0,0,2,5,36,4.0,0,0.0
2046,2016-02-06,48,1,0,2,2,2,5,37,5.0,0,0.125
2047,2016-02-07,58,1,0,1,0,2,5,38,0.0,0,0.25
2048,2016-02-08,43,1,0,0,0,2,6,39,3.0,0,0.0
2049,2016-02-09,31,0,0,0,0,2,6,40,4.0,0,0.0
2050,2016-02-10,48,0,0,0,0,2,6,41,5.0,0,0.0
2051,2016-02-11,42,1,0,1,0,2,6,42,0.0,0,0.0
2052,2016-02-12,55,0,0,1,0,2,6,43,1.0,0,0.125
2053,2016-02-13,53,0,0,2,1,2,6,44,2.0,0,0.0
2054,2016-02-14,51,1,0,1,0,2,6,45,3.0,0,22.75
2055,2016-02-15,45,0,0,0,0,2,7,46,4.0,0,2.125
2056,2016-02-16,33,0,0,0,0,2,7,47,5.0,0,0.0
2057,2016-02-17,26,0,0,0,0,2,7,48,0.0,0,0.0
2058,2016-02-18,47,0,0,0,0,2,7,49,1.0,0,0.0
2059,2016-02-19,37,0,0,1,1,2,7,50,2.0,0,0.0
2060,2016-02-20,66,1,0,2,2,2,7,51,3.0,0,35.0
2061,2016-02-21,63,1,0,1,2,2,7,52,4.0,0,0.0
2062,2016-02-22,61,0,0,1,0,2,8,53,5.0,0,0.875
2063,2016-02-23,63,0,0,1,0,2,8,54,0.0,0,0.375
2064,2016-02-24,62,0,0,1,1,2,8,55,1.0,0,0.125
2065,2016-02-25,63,1,0,1,0,2,8,56,2.0,0,1.125
2066,2016-02-26,71,0,0,2,1,2,8,57,3.0,0,0.0
2067,2016-02-27,83,1,0,3,2,2,8,58,4.0,0,0.0
2068,2016-02-28,68,0,0,2,2,2,8,59,5.0,0,0.25
2069,2016-02-29,77,1,0,2,1,2,9,60,0.0,0,2.375
2070,2016-03-01,63,1,0,2,1,3,9,61,1.0,0,0.125
2071,2016-03-02,59,1,0,1,1,3,9,62,2.0,0,0.0
2072,2016-03-03,53,1,0,0,0,3,9,63,3.0,0,0.0
2073,2016-03-04,62,1,0,1,0,3,9,64,4.0,0,0.0
2074,2016-03-05,67,1,0,2,1,3,9,65,5.0,0,0.0
2075,2016-03-06,59,1,0,1,1,3,9,66,0.0,0,5.875
2076,2016-03-07,53,1,0,1,1,3,10,67,1.0,0,39.625
2077,2016-03-08,46,0,0,1,0,3,10,68,2.0,0,0.125
2078,2016-03-09,56,1,0,0,0,3,10,69,4.0,0,21.5
2079,2016-03-10,60,1,0,0,0,3,10,70,5.0,0,0.0
2080,2016-03-11,66,0,0,1,0,3,10,71,0.0,0,0.5
2081,2016-03-12,84,1,0,2,2,3,10,72,1.0,0,0.125
2082,2016-03-13,77,0,0,1,1,3,10,73,2.0,0,0.0
2083,2016-03-14,69,1,0,1,1,3,11,74,3.0,0,34.5
2084,2016-03-15,81,0,0,2,1,3,11,75,4.0,0,0.75
2085,2016-03-16,78,0,0,1,2,3,11,76,5.0,1,0.0
2086,2016-03-17,87,0,0,2,3,3,11,77,0.0,1,0.0
2087,2016-03-18,102,0,0,2,3,3,11,78,1.0,1,0.875
2088,2016-03-19,94,1,0,3,3,3,11,79,2.0,1,12.125
2089,2016-03-20,101,0,0,4,4,3,11,80,3.0,1,0.375
2090,2016-03-21,100,1,0,3,3,3,12,81,4.0,1,0.0
2091,2016-03-22,96,0,0,4,4,3,12,82,5.0,1,0.0
2092,2016-03-23,96,1,0,2,4,3,12,83,0.0,1,0.0
2093,2016-03-24,94,1,0,3,2,3,12,84,1.0,1,0.25
2094,2016-03-25,90,1,0,4,5,3,12,85,2.0,1,0.125
2095,2016-03-26,93,1,0,5,5,3,12,86,3.0,1,0.0
2096,2016-03-27,94,1,0,5,4,3,12,87,4.0,1,0.0
2097,2016-03-28,86,1,0,4,4,3,13,88,5.0,1,2.5
2098,2016-03-29,98,1,0,4,4,3,13,89,0.0,1,0.0
2099,2016-03-30,99,1,0,5,4,3,13,90,1.0,1,0.0
2100,2016-03-31,105,1,0,5,4,3,13,91,2.0,1,0.0
